-- MariaDB dump 10.19  Distrib 10.6.12-MariaDB, for debian-linux-gnu (x86_64)
--
-- Host: localhost    Database: test_foot
-- ------------------------------------------------------
-- Server version	10.6.12-MariaDB-0ubuntu0.22.04.1

/*!40101 SET @OLD_CHARACTER_SET_CLIENT=@@CHARACTER_SET_CLIENT */;
/*!40101 SET @OLD_CHARACTER_SET_RESULTS=@@CHARACTER_SET_RESULTS */;
/*!40101 SET @OLD_COLLATION_CONNECTION=@@COLLATION_CONNECTION */;
/*!40101 SET NAMES utf8mb4 */;
/*!40103 SET @OLD_TIME_ZONE=@@TIME_ZONE */;
/*!40103 SET TIME_ZONE='+00:00' */;
/*!40014 SET @OLD_UNIQUE_CHECKS=@@UNIQUE_CHECKS, UNIQUE_CHECKS=0 */;
/*!40014 SET @OLD_FOREIGN_KEY_CHECKS=@@FOREIGN_KEY_CHECKS, FOREIGN_KEY_CHECKS=0 */;
/*!40101 SET @OLD_SQL_MODE=@@SQL_MODE, SQL_MODE='NO_AUTO_VALUE_ON_ZERO' */;
/*!40111 SET @OLD_SQL_NOTES=@@SQL_NOTES, SQL_NOTES=0 */;

--
-- Temporary table structure for view `V_away_stats`
--

DROP TABLE IF EXISTS `V_away_stats`;
/*!50001 DROP VIEW IF EXISTS `V_away_stats`*/;
SET @saved_cs_client     = @@character_set_client;
SET character_set_client = utf8;
/*!50001 CREATE VIEW `V_away_stats` AS SELECT
 1 AS `ranking`,
  1 AS `team`,
  1 AS `under0_5`,
  1 AS `under1_5`,
  1 AS `under2_5`,
  1 AS `over0_5`,
  1 AS `over1_5`,
  1 AS `over2_5`,
  1 AS `btts`,
  1 AS `mean` */;
SET character_set_client = @saved_cs_client;

--
-- Temporary table structure for view `V_away_stats5`
--

DROP TABLE IF EXISTS `V_away_stats5`;
/*!50001 DROP VIEW IF EXISTS `V_away_stats5`*/;
SET @saved_cs_client     = @@character_set_client;
SET character_set_client = utf8;
/*!50001 CREATE VIEW `V_away_stats5` AS SELECT
 1 AS `ranking`,
  1 AS `team`,
  1 AS `under0_5`,
  1 AS `under1_5`,
  1 AS `under2_5`,
  1 AS `over0_5`,
  1 AS `over1_5`,
  1 AS `over2_5`,
  1 AS `btts`,
  1 AS `mean` */;
SET character_set_client = @saved_cs_client;

--
-- Temporary table structure for view `V_home_stats`
--

DROP TABLE IF EXISTS `V_home_stats`;
/*!50001 DROP VIEW IF EXISTS `V_home_stats`*/;
SET @saved_cs_client     = @@character_set_client;
SET character_set_client = utf8;
/*!50001 CREATE VIEW `V_home_stats` AS SELECT
 1 AS `ranking`,
  1 AS `team`,
  1 AS `under0_5`,
  1 AS `under1_5`,
  1 AS `under2_5`,
  1 AS `over0_5`,
  1 AS `over1_5`,
  1 AS `over2_5`,
  1 AS `btts`,
  1 AS `mean` */;
SET character_set_client = @saved_cs_client;

--
-- Temporary table structure for view `V_home_stats5`
--

DROP TABLE IF EXISTS `V_home_stats5`;
/*!50001 DROP VIEW IF EXISTS `V_home_stats5`*/;
SET @saved_cs_client     = @@character_set_client;
SET character_set_client = utf8;
/*!50001 CREATE VIEW `V_home_stats5` AS SELECT
 1 AS `ranking`,
  1 AS `team`,
  1 AS `under0_5`,
  1 AS `under1_5`,
  1 AS `under2_5`,
  1 AS `over0_5`,
  1 AS `over1_5`,
  1 AS `over2_5`,
  1 AS `btts`,
  1 AS `mean` */;
SET character_set_client = @saved_cs_client;

--
-- Temporary table structure for view `V_overall_stats`
--

DROP TABLE IF EXISTS `V_overall_stats`;
/*!50001 DROP VIEW IF EXISTS `V_overall_stats`*/;
SET @saved_cs_client     = @@character_set_client;
SET character_set_client = utf8;
/*!50001 CREATE VIEW `V_overall_stats` AS SELECT
 1 AS `ranking`,
  1 AS `team`,
  1 AS `under0_5`,
  1 AS `under1_5`,
  1 AS `under2_5`,
  1 AS `over0_5`,
  1 AS `over1_5`,
  1 AS `over2_5`,
  1 AS `btts`,
  1 AS `mean` */;
SET character_set_client = @saved_cs_client;

--
-- Temporary table structure for view `V_overall_stats5`
--

DROP TABLE IF EXISTS `V_overall_stats5`;
/*!50001 DROP VIEW IF EXISTS `V_overall_stats5`*/;
SET @saved_cs_client     = @@character_set_client;
SET character_set_client = utf8;
/*!50001 CREATE VIEW `V_overall_stats5` AS SELECT
 1 AS `ranking`,
  1 AS `team`,
  1 AS `under0_5`,
  1 AS `under1_5`,
  1 AS `under2_5`,
  1 AS `over0_5`,
  1 AS `over1_5`,
  1 AS `over2_5`,
  1 AS `btts`,
  1 AS `mean` */;
SET character_set_client = @saved_cs_client;

--
-- Table structure for table `away_stats`
--

DROP TABLE IF EXISTS `away_stats`;
/*!40101 SET @saved_cs_client     = @@character_set_client */;
/*!40101 SET character_set_client = utf8 */;
CREATE TABLE `away_stats` (
  `team` varchar(30) NOT NULL,
  `under0_5` tinyint(3) unsigned NOT NULL DEFAULT 0,
  `under1_5` tinyint(3) unsigned NOT NULL DEFAULT 0,
  `under2_5` tinyint(3) unsigned NOT NULL DEFAULT 0,
  `over0_5` tinyint(3) unsigned NOT NULL DEFAULT 0,
  `over1_5` tinyint(3) unsigned NOT NULL DEFAULT 0,
  `over2_5` tinyint(3) unsigned NOT NULL DEFAULT 0,
  `btts` tinyint(3) unsigned NOT NULL DEFAULT 0,
  `mean` decimal(2,1) NOT NULL DEFAULT 0.0,
  PRIMARY KEY (`team`),
  CONSTRAINT `fk__away_stats__overall_stats` FOREIGN KEY (`team`) REFERENCES `overall_stats` (`team`) ON DELETE CASCADE ON UPDATE CASCADE
) ENGINE=InnoDB DEFAULT CHARSET=utf8mb4 COLLATE=utf8mb4_general_ci;
/*!40101 SET character_set_client = @saved_cs_client */;

--
-- Dumping data for table `away_stats`
--

LOCK TABLES `away_stats` WRITE;
/*!40000 ALTER TABLE `away_stats` DISABLE KEYS */;
INSERT INTO `away_stats` VALUES ('AC Ajaccio',0,19,38,100,81,63,56,2.5),('Angers',7,27,40,93,73,60,33,3.1),('Auxerre',0,19,44,100,81,56,56,2.6),('Brest',12,35,53,88,65,47,59,2.2),('Clermont',13,31,56,88,69,44,56,2.9),('Lens',19,38,63,81,63,38,56,3.1),('Lille',6,25,56,94,75,44,56,3.3),('Lorient',6,25,38,94,75,63,75,3.2),('Lyon',6,25,38,94,75,63,69,2.6),('Marseille',6,19,50,94,81,50,44,4.1),('Monaco',0,6,44,100,94,56,56,3.1),('Montpellier',0,20,53,100,80,47,47,2.5),('Nantes',19,25,50,81,75,50,56,4.1),('Nice',6,31,56,94,69,44,63,2.3),('PSG',6,19,25,94,81,75,44,2.1),('Reims',25,44,69,75,56,31,44,3.3),('Rennes',6,19,50,94,81,50,75,2.0),('Strasbourg',0,6,38,100,94,63,75,2.9),('Toulouse',0,6,25,100,94,75,56,3.0),('Troyes',0,12,18,100,88,82,76,2.2);
/*!40000 ALTER TABLE `away_stats` ENABLE KEYS */;
UNLOCK TABLES;

--
-- Table structure for table `away_stats5`
--

DROP TABLE IF EXISTS `away_stats5`;
/*!40101 SET @saved_cs_client     = @@character_set_client */;
/*!40101 SET character_set_client = utf8 */;
CREATE TABLE `away_stats5` (
  `team` varchar(30) NOT NULL,
  `under0_5` tinyint(3) unsigned NOT NULL DEFAULT 0,
  `under1_5` tinyint(3) unsigned NOT NULL DEFAULT 0,
  `under2_5` tinyint(3) unsigned NOT NULL DEFAULT 0,
  `over0_5` tinyint(3) unsigned NOT NULL DEFAULT 0,
  `over1_5` tinyint(3) unsigned NOT NULL DEFAULT 0,
  `over2_5` tinyint(3) unsigned NOT NULL DEFAULT 0,
  `btts` tinyint(3) unsigned NOT NULL DEFAULT 0,
  `mean` decimal(2,1) NOT NULL DEFAULT 0.0,
  PRIMARY KEY (`team`),
  CONSTRAINT `fk__away_stats5__overall_stats` FOREIGN KEY (`team`) REFERENCES `overall_stats` (`team`) ON DELETE CASCADE ON UPDATE CASCADE
) ENGINE=InnoDB DEFAULT CHARSET=utf8mb4 COLLATE=utf8mb4_general_ci;
/*!40101 SET character_set_client = @saved_cs_client */;

--
-- Dumping data for table `away_stats5`
--

LOCK TABLES `away_stats5` WRITE;
/*!40000 ALTER TABLE `away_stats5` DISABLE KEYS */;
INSERT INTO `away_stats5` VALUES ('AC Ajaccio',0,0,0,0,0,0,0,0.0),('Angers',0,0,0,0,0,0,0,0.0),('Auxerre',0,0,0,0,0,0,0,0.0),('Brest',0,0,0,0,0,0,0,0.0),('Clermont',0,0,0,0,0,0,0,0.0),('Lens',0,0,0,0,0,0,0,0.0),('Lille',0,0,0,0,0,0,0,0.0),('Lorient',0,0,0,0,0,0,0,0.0),('Lyon',0,0,0,0,0,0,0,0.0),('Marseille',0,0,0,0,0,0,0,0.0),('Monaco',0,0,0,0,0,0,0,0.0),('Montpellier',0,0,0,0,0,0,0,0.0),('Nantes',0,0,0,0,0,0,0,0.0),('Nice',0,0,0,0,0,0,0,0.0),('PSG',0,0,0,0,0,0,0,0.0),('Reims',0,0,0,0,0,0,0,0.0),('Rennes',0,0,0,0,0,0,0,0.0),('Strasbourg',0,0,0,0,0,0,0,0.0),('Toulouse',0,0,0,0,0,0,0,0.0),('Troyes',0,0,0,0,0,0,0,0.0);
/*!40000 ALTER TABLE `away_stats5` ENABLE KEYS */;
UNLOCK TABLES;

--
-- Table structure for table `away_stats5_dataset`
--

DROP TABLE IF EXISTS `away_stats5_dataset`;
/*!40101 SET @saved_cs_client     = @@character_set_client */;
/*!40101 SET character_set_client = utf8 */;
CREATE TABLE `away_stats5_dataset` (
  `mp` tinyint(3) unsigned NOT NULL,
  `date_time` datetime NOT NULL,
  `home_team` varchar(30) NOT NULL,
  `away_team` varchar(30) NOT NULL,
  `ranking` tinyint(3) unsigned NOT NULL,
  `under0_5` tinyint(3) unsigned NOT NULL DEFAULT 0,
  `under1_5` tinyint(3) unsigned NOT NULL DEFAULT 0,
  `under2_5` tinyint(3) unsigned NOT NULL DEFAULT 0,
  `over0_5` tinyint(3) unsigned NOT NULL DEFAULT 0,
  `over1_5` tinyint(3) unsigned NOT NULL DEFAULT 0,
  `over2_5` tinyint(3) unsigned NOT NULL DEFAULT 0,
  `btts` tinyint(3) unsigned NOT NULL DEFAULT 0,
  `mean` decimal(2,1) NOT NULL DEFAULT 0.0,
  `global` tinyint(3) unsigned NOT NULL DEFAULT 0,
  KEY `ind_date_time` (`date_time`)
) ENGINE=InnoDB DEFAULT CHARSET=utf8mb4 COLLATE=utf8mb4_general_ci;
/*!40101 SET character_set_client = @saved_cs_client */;

--
-- Dumping data for table `away_stats5_dataset`
--

LOCK TABLES `away_stats5_dataset` WRITE;
/*!40000 ALTER TABLE `away_stats5_dataset` DISABLE KEYS */;
INSERT INTO `away_stats5_dataset` VALUES (1,'2022-08-05 19:00:00','Lyon','AC Ajaccio',13,0,0,0,0,0,0,0,0.0,3),(1,'2022-08-05 19:00:00','Lyon','AC Ajaccio',13,0,0,0,0,0,0,0,0.0,3),(1,'2022-08-05 19:00:00','Lyon','AC Ajaccio',1,0,0,0,0,0,0,0,0.0,3),(1,'2022-08-06 15:00:00','Strasbourg','Monaco',20,0,0,0,0,0,0,0,0.0,3),(1,'2022-08-06 19:00:00','Clermont','PSG',12,0,0,0,0,0,0,0,0.0,5),(1,'2022-08-07 11:00:00','Toulouse','Nice',12,0,0,0,0,0,0,0,0.0,2),(1,'2022-08-07 13:00:00','Montpellier','Troyes',20,0,0,0,0,0,0,0,0.0,5),(1,'2022-08-07 13:00:00','Lille','Auxerre',8,0,0,0,0,0,0,0,0.0,5),(1,'2022-08-07 13:00:00','Lens','Brest',19,0,0,0,0,0,0,0,0.0,5),(1,'2022-08-07 13:00:00','Angers','Nantes',1,0,0,0,0,0,0,0,0.0,0),(1,'2022-08-07 15:05:00','Rennes','Lorient',4,0,0,0,0,0,0,0,0.0,1),(1,'2022-08-07 18:45:00','Marseille','Reims',2,0,0,0,0,0,0,0,0.0,5),(2,'2022-08-12 19:00:00','Nantes','Lille',13,0,0,0,0,0,0,0,0.0,2),(2,'2022-08-13 15:00:00','Monaco','Rennes',6,0,0,0,0,0,0,0,0.0,2),(2,'2022-08-13 19:00:00','PSG','Montpellier',10,0,0,0,0,0,0,0,0.0,7),(2,'2022-08-14 13:00:00','Auxerre','Angers',4,0,0,0,0,0,0,0,0.0,4),(2,'2022-08-14 13:00:00','AC Ajaccio','Lens',19,0,0,0,0,0,0,0,0.0,0),(2,'2022-08-14 13:00:00','Reims','Clermont',11,0,0,0,0,0,0,0,0.0,6),(2,'2022-08-14 13:00:00','Troyes','Toulouse',17,0,0,0,0,0,0,0,0.0,3),(2,'2022-08-14 15:05:00','Nice','Strasbourg',5,0,0,0,0,0,0,0,0.0,2),(2,'2022-08-14 18:45:00','Brest','Marseille',15,0,0,0,0,0,0,0,0.0,2),(3,'2022-08-19 19:00:00','Lyon','Troyes',8,0,0,0,0,0,0,0,0.0,5),(3,'2022-08-20 15:00:00','Monaco','Lens',10,0,0,0,0,0,0,0,0.0,5),(3,'2022-08-20 19:00:00','Marseille','Nantes',18,0,0,0,0,0,0,0,0.0,3),(3,'2022-08-21 11:00:00','Strasbourg','Reims',7,0,0,0,0,0,0,0,0.0,2),(3,'2022-08-21 13:00:00','Toulouse','Lorient',1,0,0,0,0,0,0,0,0.0,4),(3,'2022-08-21 13:00:00','Angers','Brest',7,0,0,0,0,0,0,0,0.0,4),(3,'2022-08-21 13:00:00','Clermont','Nice',17,0,0,0,0,0,0,0,0.0,1),(3,'2022-08-21 13:00:00','Montpellier','Auxerre',13,0,0,0,0,0,0,0,0.0,3),(3,'2022-08-21 15:05:00','Rennes','AC Ajaccio',10,0,0,0,0,0,0,0,0.0,3),(3,'2022-08-21 18:45:00','Lille','PSG',11,0,0,0,0,0,0,0,0.0,8),(4,'2022-08-26 19:00:00','AC Ajaccio','Lille',19,0,0,0,0,0,0,0,0.0,4),(4,'2022-08-27 15:00:00','Auxerre','Strasbourg',5,0,0,0,0,0,0,0,0.0,1),(4,'2022-08-27 19:00:00','Lens','Rennes',11,0,0,0,0,0,0,0,0.0,3),(4,'2022-08-28 11:00:00','Nantes','Toulouse',14,0,0,0,0,0,0,0,0.0,4),(4,'2022-08-28 13:00:00','Lorient','Clermont',16,0,0,0,0,0,0,0,0.0,3),(4,'2022-08-28 13:00:00','Brest','Montpellier',18,0,0,0,0,0,0,0,0.0,7),(4,'2022-08-28 13:00:00','Troyes','Angers',4,0,0,0,0,0,0,0,0.0,4),(4,'2022-08-28 13:00:00','Nice','Marseille',12,0,0,0,0,0,0,0,0.0,3),(4,'2022-08-28 15:05:00','Reims','Lyon',20,0,0,0,0,0,0,0,0.0,2),(4,'2022-08-28 18:45:00','PSG','Monaco',3,0,0,0,0,0,0,0,0.0,2),(5,'2022-08-31 17:00:00','Strasbourg','Nantes',6,0,0,0,0,0,0,0,0.0,2),(5,'2022-08-31 17:00:00','Montpellier','AC Ajaccio',10,0,0,0,0,0,0,0,0.0,2),(5,'2022-08-31 17:00:00','Lyon','Auxerre',13,0,0,0,0,0,0,0,0.0,3),(5,'2022-08-31 17:00:00','Monaco','Troyes',5,0,0,0,0,0,0,0,0.0,6),(5,'2022-08-31 17:00:00','Angers','Reims',19,0,0,0,0,0,0,0,0.0,6),(5,'2022-08-31 19:00:00','Rennes','Brest',7,0,0,0,0,0,0,0,0.0,4),(5,'2022-08-31 19:00:00','Marseille','Clermont',1,0,0,0,0,0,0,0,0.0,1),(5,'2022-08-31 19:00:00','Toulouse','PSG',13,0,0,0,0,0,0,0,0.0,3),(5,'2022-08-31 19:00:00','Lens','Lorient',14,0,0,0,0,0,0,0,0.0,7),(5,'2022-08-31 19:00:00','Lille','Nice',2,0,0,0,0,0,0,0,0.0,3),(6,'2022-09-03 15:00:00','Auxerre','Marseille',17,0,0,0,0,0,0,0,0.0,2),(6,'2022-09-03 17:00:00','Lyon','Angers',6,0,0,0,0,0,0,0,0.0,5),(6,'2022-09-03 19:00:00','Nantes','PSG',13,0,0,0,0,0,0,0,0.0,3),(6,'2022-09-04 11:00:00','Montpellier','Lille',3,0,0,0,0,0,0,0,0.0,4),(6,'2022-09-04 13:00:00','AC Ajaccio','Lorient',14,0,0,0,0,0,0,0,0.0,1),(6,'2022-09-04 13:00:00','Reims','Lens',9,0,0,0,0,0,0,0,0.0,2),(6,'2022-09-04 13:00:00','Clermont','Toulouse',19,0,0,0,0,0,0,0,0.0,2),(6,'2022-09-04 13:00:00','Brest','Strasbourg',7,0,0,0,0,0,0,0,0.0,2),(6,'2022-09-04 15:05:00','Troyes','Rennes',13,0,0,0,0,0,0,0,0.0,2),(6,'2022-09-04 18:45:00','Nice','Monaco',8,0,0,0,0,0,0,0,0.0,1),(2,'2022-09-07 17:00:00','Lorient','Lyon',5,0,0,0,0,0,0,0,0.0,4),(7,'2022-09-09 19:00:00','Lens','Troyes',10,0,0,0,0,0,0,0,0.0,1),(7,'2022-09-10 15:00:00','PSG','Brest',6,0,0,0,0,0,0,0,0.0,1),(7,'2022-09-10 19:00:00','Marseille','Lille',20,0,0,0,0,0,0,0,0.0,3),(7,'2022-09-11 11:00:00','Strasbourg','Clermont',18,0,0,0,0,0,0,0,0.0,0),(7,'2022-09-11 13:00:00','Toulouse','Reims',11,0,0,0,0,0,0,0,0.0,1),(7,'2022-09-11 13:00:00','Lorient','Nantes',1,0,0,0,0,0,0,0,0.0,5),(7,'2022-09-11 13:00:00','Angers','Montpellier',20,0,0,0,0,0,0,0,0.0,3),(7,'2022-09-11 13:00:00','AC Ajaccio','Nice',2,0,0,0,0,0,0,0,0.0,1),(7,'2022-09-11 15:05:00','Rennes','Auxerre',2,0,0,0,0,0,0,0,0.0,5),(7,'2022-09-11 18:45:00','Monaco','Lyon',5,0,0,0,0,0,0,0,0.0,3),(8,'2022-09-16 19:00:00','Auxerre','Lorient',14,0,0,0,0,0,0,0,0.0,4),(8,'2022-09-17 15:00:00','Montpellier','Strasbourg',7,0,0,0,0,0,0,0,0.0,3),(8,'2022-09-17 19:00:00','Lille','Toulouse',19,0,0,0,0,0,0,0,0.0,3),(8,'2022-09-18 11:00:00','Reims','Monaco',8,0,0,0,0,0,0,0,0.0,3),(8,'2022-09-18 13:00:00','Brest','AC Ajaccio',12,0,0,0,0,0,0,0,0.0,1),(8,'2022-09-18 13:00:00','Clermont','Troyes',17,0,0,0,0,0,0,0,0.0,4),(8,'2022-09-18 13:00:00','Marseille','Rennes',3,0,0,0,0,0,0,0,0.0,2),(8,'2022-09-18 13:00:00','Nice','Angers',13,0,0,0,0,0,0,0,0.0,1),(8,'2022-09-18 15:05:00','Nantes','Lens',19,0,0,0,0,0,0,0,0.0,0),(8,'2022-09-18 18:45:00','Lyon','PSG',20,0,0,0,0,0,0,0,0.0,1),(9,'2022-09-30 19:00:00','Angers','Marseille',4,0,0,0,0,0,0,0,0.0,3),(9,'2022-10-01 15:00:00','Strasbourg','Rennes',3,0,0,0,0,0,0,0,0.0,4),(9,'2022-10-01 19:00:00','PSG','Nice',9,0,0,0,0,0,0,0,0.0,3),(9,'2022-10-02 11:00:00','Lorient','Lille',10,0,0,0,0,0,0,0,0.0,3),(9,'2022-10-02 13:00:00','Troyes','Reims',11,0,0,0,0,0,0,0,0.0,4),(9,'2022-10-02 13:00:00','Auxerre','Brest',16,0,0,0,0,0,0,0,0.0,2),(9,'2022-10-02 13:00:00','AC Ajaccio','Clermont',8,0,0,0,0,0,0,0,0.0,4),(9,'2022-10-02 13:00:00','Toulouse','Montpellier',4,0,0,0,0,0,0,0,0.0,6),(9,'2022-10-02 15:05:00','Monaco','Nantes',7,0,0,0,0,0,0,0,0.0,5),(9,'2022-10-02 18:45:00','Lens','Lyon',9,0,0,0,0,0,0,0,0.0,1),(10,'2022-10-07 19:00:00','Lyon','Toulouse',12,0,0,0,0,0,0,0,0.0,2),(10,'2022-10-08 15:00:00','Marseille','AC Ajaccio',19,0,0,0,0,0,0,0,0.0,3),(10,'2022-10-08 19:00:00','Reims','PSG',12,0,0,0,0,0,0,0,0.0,0),(10,'2022-10-09 11:00:00','Montpellier','Monaco',4,0,0,0,0,0,0,0,0.0,2),(10,'2022-10-09 13:00:00','Clermont','Auxerre',14,0,0,0,0,0,0,0,0.0,3),(10,'2022-10-09 13:00:00','Brest','Lorient',17,0,0,0,0,0,0,0,0.0,3),(10,'2022-10-09 13:00:00','Nice','Troyes',18,0,0,0,0,0,0,0,0.0,5),(10,'2022-10-09 13:00:00','Angers','Strasbourg',15,0,0,0,0,0,0,0,0.0,5),(10,'2022-10-09 15:05:00','Rennes','Nantes',4,0,0,0,0,0,0,0,0.0,3),(10,'2022-10-09 18:45:00','Lille','Lens',1,0,0,0,0,0,0,0,0.0,1),(11,'2022-10-14 19:00:00','Strasbourg','Lille',1,0,0,0,0,0,0,0,0.0,3),(11,'2022-10-15 15:00:00','Lorient','Reims',13,0,0,0,0,0,0,0,0.0,0),(11,'2022-10-15 19:00:00','Lens','Montpellier',20,0,0,0,0,0,0,0,0.0,1),(11,'2022-10-16 11:00:00','Toulouse','Angers',15,0,0,0,0,0,0,0,0.0,5),(11,'2022-10-16 13:00:00','Auxerre','Nice',11,0,0,0,0,0,0,0,0.0,2),(11,'2022-10-16 13:00:00','Troyes','AC Ajaccio',4,0,0,0,0,0,0,0,0.0,2),(11,'2022-10-16 13:00:00','Nantes','Brest',9,0,0,0,0,0,0,0,0.0,5),(11,'2022-10-16 13:00:00','Rennes','Lyon',5,0,0,0,0,0,0,0,0.0,5),(11,'2022-10-16 15:05:00','Monaco','Clermont',1,0,0,0,0,0,0,0,0.0,2),(11,'2022-10-16 18:45:00','PSG','Marseille',6,0,0,0,0,0,0,0,0.0,1),(12,'2022-10-21 19:00:00','AC Ajaccio','PSG',2,0,0,0,0,0,0,0,0.0,3),(12,'2022-10-22 15:00:00','Montpellier','Lyon',5,0,0,0,0,0,0,0,0.0,3),(12,'2022-10-22 19:00:00','Marseille','Lens',1,0,0,0,0,0,0,0,0.0,1),(12,'2022-10-23 11:00:00','Angers','Rennes',5,0,0,0,0,0,0,0,0.0,3),(12,'2022-10-23 13:00:00','Toulouse','Strasbourg',4,0,0,0,0,0,0,0,0.0,4),(12,'2022-10-23 13:00:00','Troyes','Lorient',11,0,0,0,0,0,0,0,0.0,4),(12,'2022-10-23 13:00:00','Reims','Auxerre',15,0,0,0,0,0,0,0,0.0,3),(12,'2022-10-23 13:00:00','Clermont','Brest',9,0,0,0,0,0,0,0,0.0,4),(12,'2022-10-23 15:05:00','Nice','Nantes',8,0,0,0,0,0,0,0,0.0,2),(12,'2022-10-23 18:45:00','Lille','Monaco',5,0,0,0,0,0,0,0,0.0,7),(13,'2022-10-28 19:00:00','Lens','Toulouse',16,0,0,0,0,0,0,0,0.0,3),(13,'2022-10-29 15:00:00','PSG','Troyes',7,0,0,0,0,0,0,0,0.0,7),(13,'2022-10-29 19:00:00','Strasbourg','Marseille',14,0,0,0,0,0,0,0,0.0,4),(13,'2022-10-30 12:00:00','Auxerre','AC Ajaccio',12,0,0,0,0,0,0,0,0.0,1),(13,'2022-10-30 14:00:00','Nantes','Clermont',18,0,0,0,0,0,0,0,0.0,2),(13,'2022-10-30 14:00:00','Brest','Reims',1,0,0,0,0,0,0,0,0.0,0),(13,'2022-10-30 14:00:00','Monaco','Angers',3,0,0,0,0,0,0,0,0.0,2),(13,'2022-10-30 14:00:00','Rennes','Montpellier',17,0,0,0,0,0,0,0,0.0,3),(13,'2022-10-30 16:05:00','Lorient','Nice',19,0,0,0,0,0,0,0,0.0,3),(13,'2022-10-30 19:45:00','Lyon','Lille',20,0,0,0,0,0,0,0,0.0,1),(14,'2022-11-04 20:00:00','Troyes','Auxerre',15,0,0,0,0,0,0,0,0.0,2),(14,'2022-11-05 16:00:00','AC Ajaccio','Strasbourg',4,0,0,0,0,0,0,0,0.0,6),(14,'2022-11-05 20:00:00','Angers','Lens',5,0,0,0,0,0,0,0,0.0,3),(14,'2022-11-06 12:00:00','Lorient','PSG',20,0,0,0,0,0,0,0,0.0,3),(14,'2022-11-06 14:00:00','Reims','Nantes',18,0,0,0,0,0,0,0,0.0,1),(14,'2022-11-06 14:00:00','Clermont','Montpellier',7,0,0,0,0,0,0,0,0.0,2),(14,'2022-11-06 14:00:00','Nice','Brest',16,0,0,0,0,0,0,0,0.0,1),(14,'2022-11-06 14:00:00','Toulouse','Monaco',15,0,0,0,0,0,0,0,0.0,2),(14,'2022-11-06 16:05:00','Lille','Rennes',3,0,0,0,0,0,0,0,0.0,2),(14,'2022-11-06 19:45:00','Marseille','Lyon',12,0,0,0,0,0,0,0,0.0,1),(15,'2022-11-11 20:00:00','Lyon','Nice',9,0,0,0,0,0,0,0,0.0,2),(15,'2022-11-12 16:00:00','Lens','Clermont',8,0,0,0,0,0,0,0,0.0,3),(15,'2022-11-12 20:00:00','Rennes','Toulouse',6,0,0,0,0,0,0,0,0.0,3),(15,'2022-11-13 12:00:00','PSG','Auxerre',5,0,0,0,0,0,0,0,0.0,5),(15,'2022-11-13 14:00:00','Montpellier','Reims',11,0,0,0,0,0,0,0,0.0,2),(15,'2022-11-13 14:00:00','Lille','Angers',13,0,0,0,0,0,0,0,0.0,1),(15,'2022-11-13 14:00:00','Brest','Troyes',17,0,0,0,0,0,0,0,0.0,3),(15,'2022-11-13 14:00:00','Nantes','AC Ajaccio',2,0,0,0,0,0,0,0,0.0,4),(15,'2022-11-13 16:05:00','Strasbourg','Lorient',1,0,0,0,0,0,0,0,0.0,2),(15,'2022-11-13 19:45:00','Monaco','Marseille',4,0,0,0,0,0,0,0,0.0,5),(16,'2022-12-28 14:00:00','AC Ajaccio','Angers',13,0,0,0,0,0,0,0,0.0,1),(16,'2022-12-28 14:00:00','Troyes','Nantes',18,0,0,0,0,0,0,0,0.0,0),(16,'2022-12-28 16:00:00','Auxerre','Monaco',15,0,0,0,0,0,0,0,0.0,5),(16,'2022-12-28 18:00:00','Clermont','Lille',10,0,0,0,0,0,0,0,0.0,2),(16,'2022-12-28 20:00:00','PSG','Strasbourg',14,0,0,0,0,0,0,0,0.0,3),(16,'2022-12-28 20:00:00','Brest','Lyon',12,0,0,0,0,0,0,0,0.0,6),(16,'2022-12-29 16:00:00','Lorient','Montpellier',7,0,0,0,0,0,0,0,0.0,2),(16,'2022-12-29 18:00:00','Reims','Rennes',3,0,0,0,0,0,0,0,0.0,4),(16,'2022-12-29 20:00:00','Marseille','Toulouse',6,0,0,0,0,0,0,0,0.0,7),(16,'2022-12-29 20:00:00','Nice','Lens',19,0,0,0,0,0,0,0,0.0,0),(17,'2023-01-01 14:00:00','Monaco','Brest',2,0,0,0,0,0,0,0,0.0,1),(17,'2023-01-01 14:00:00','Nantes','Auxerre',11,0,0,0,0,0,0,0,0.0,1),(17,'2023-01-01 14:00:00','Toulouse','AC Ajaccio',8,0,0,0,0,0,0,0,0.0,2),(17,'2023-01-01 14:00:00','Angers','Lorient',7,0,0,0,0,0,0,0,0.0,3),(17,'2023-01-01 16:00:00','Lyon','Clermont',10,0,0,0,0,0,0,0,0.0,1),(17,'2023-01-01 19:45:00','Lens','PSG',13,0,0,0,0,0,0,0,0.0,4),(17,'2023-01-02 14:00:00','Strasbourg','Troyes',10,0,0,0,0,0,0,0,0.0,5),(17,'2023-01-02 16:00:00','Lille','Reims',4,0,0,0,0,0,0,0,0.0,2),(17,'2023-01-02 18:00:00','Montpellier','Marseille',17,0,0,0,0,0,0,0,0.0,3),(17,'2023-01-02 20:00:00','Rennes','Nice',2,0,0,0,0,0,0,0,0.0,3),(18,'2023-01-11 18:00:00','AC Ajaccio','Reims',4,0,0,0,0,0,0,0,0.0,1),(18,'2023-01-11 18:00:00','Clermont','Rennes',16,0,0,0,0,0,0,0,0.0,3),(18,'2023-01-11 18:00:00','Auxerre','Toulouse',19,0,0,0,0,0,0,0,0.0,5),(18,'2023-01-11 18:00:00','Nantes','Lyon',2,0,0,0,0,0,0,0,0.0,0),(18,'2023-01-11 18:00:00','Brest','Lille',2,0,0,0,0,0,0,0,0.0,0),(18,'2023-01-11 20:00:00','Lorient','Monaco',7,0,0,0,0,0,0,0,0.0,4),(18,'2023-01-11 20:00:00','PSG','Angers',5,0,0,0,0,0,0,0,0.0,2),(18,'2023-01-11 20:00:00','Nice','Montpellier',19,0,0,0,0,0,0,0,0.0,7),(18,'2023-01-11 20:00:00','Strasbourg','Lens',11,0,0,0,0,0,0,0,0.0,4),(18,'2023-01-11 20:00:00','Troyes','Marseille',16,0,0,0,0,0,0,0,0.0,2),(19,'2023-01-14 16:00:00','Lens','Auxerre',17,0,0,0,0,0,0,0,0.0,1),(19,'2023-01-14 18:00:00','Marseille','Lorient',13,0,0,0,0,0,0,0,0.0,4),(19,'2023-01-14 20:00:00','Lyon','Strasbourg',6,0,0,0,0,0,0,0,0.0,3),(19,'2023-01-15 12:00:00','Lille','Troyes',9,0,0,0,0,0,0,0,0.0,6),(19,'2023-01-15 14:00:00','Reims','Nice',1,0,0,0,0,0,0,0,0.0,0),(19,'2023-01-15 14:00:00','Toulouse','Brest',12,0,0,0,0,0,0,0,0.0,2),(19,'2023-01-15 14:00:00','Montpellier','Nantes',10,0,0,0,0,0,0,0,0.0,3),(19,'2023-01-15 14:00:00','Angers','Clermont',20,0,0,0,0,0,0,0,0.0,3),(19,'2023-01-15 16:05:00','Monaco','AC Ajaccio',18,0,0,0,0,0,0,0,0.0,8),(19,'2023-01-15 19:45:00','Rennes','PSG',12,0,0,0,0,0,0,0,0.0,1),(20,'2023-01-27 20:00:00','Lorient','Rennes',5,0,0,0,0,0,0,0,0.0,3),(20,'2023-01-28 16:00:00','Troyes','Lens',1,0,0,0,0,0,0,0,0.0,2),(20,'2023-01-28 20:00:00','Marseille','Monaco',17,0,0,0,0,0,0,0,0.0,2),(20,'2023-01-29 12:00:00','Nice','Lille',2,0,0,0,0,0,0,0,0.0,1),(20,'2023-01-29 14:00:00','Auxerre','Montpellier',19,0,0,0,0,0,0,0,0.0,2),(20,'2023-01-29 14:00:00','Clermont','Nantes',10,0,0,0,0,0,0,0,0.0,0),(20,'2023-01-29 14:00:00','Brest','Angers',9,0,0,0,0,0,0,0,0.0,4),(20,'2023-01-29 14:00:00','Strasbourg','Toulouse',18,0,0,0,0,0,0,0,0.0,3),(20,'2023-01-29 16:05:00','AC Ajaccio','Lyon',4,0,0,0,0,0,0,0,0.0,2),(20,'2023-01-29 19:45:00','PSG','Reims',3,0,0,0,0,0,0,0,0.0,2),(21,'2023-02-01 18:00:00','Reims','Lorient',13,0,0,0,0,0,0,0,0.0,6),(21,'2023-02-01 18:00:00','Toulouse','Troyes',9,0,0,0,0,0,0,0,0.0,5),(21,'2023-02-01 18:00:00','Angers','AC Ajaccio',14,0,0,0,0,0,0,0,0.0,3),(21,'2023-02-01 18:00:00','Nantes','Marseille',16,0,0,0,0,0,0,0,0.0,2),(21,'2023-02-01 18:00:00','Lille','Clermont',20,0,0,0,0,0,0,0,0.0,0),(21,'2023-02-01 20:00:00','Rennes','Strasbourg',6,0,0,0,0,0,0,0,0.0,3),(21,'2023-02-01 20:00:00','Monaco','Auxerre',17,0,0,0,0,0,0,0,0.0,5),(21,'2023-02-01 20:00:00','Lyon','Brest',8,0,0,0,0,0,0,0,0.0,0),(21,'2023-02-01 20:00:00','Lens','Nice',1,0,0,0,0,0,0,0,0.0,1),(21,'2023-02-01 20:00:00','Montpellier','PSG',12,0,0,0,0,0,0,0,0.0,4),(22,'2023-02-04 16:00:00','PSG','Toulouse',18,0,0,0,0,0,0,0,0.0,3),(22,'2023-02-04 18:00:00','Troyes','Lyon',4,0,0,0,0,0,0,0,0.0,4),(22,'2023-02-04 20:00:00','Rennes','Lille',2,0,0,0,0,0,0,0,0.0,4),(22,'2023-02-05 12:00:00','Clermont','Monaco',7,0,0,0,0,0,0,0,0.0,2),(22,'2023-02-05 14:00:00','Auxerre','Reims',3,0,0,0,0,0,0,0,0.0,0),(22,'2023-02-05 14:00:00','AC Ajaccio','Nantes',10,0,0,0,0,0,0,0,0.0,2),(22,'2023-02-05 14:00:00','Lorient','Angers',5,0,0,0,0,0,0,0,0.0,0),(22,'2023-02-05 14:00:00','Strasbourg','Montpellier',19,0,0,0,0,0,0,0,0.0,2),(22,'2023-02-05 16:05:00','Brest','Lens',11,0,0,0,0,0,0,0,0.0,2),(22,'2023-02-05 19:45:00','Marseille','Nice',1,0,0,0,0,0,0,0,0.0,4),(23,'2023-02-10 20:00:00','Nice','AC Ajaccio',14,0,0,0,0,0,0,0,0.0,3),(23,'2023-02-11 16:00:00','Monaco','PSG',12,0,0,0,0,0,0,0,0.0,4),(23,'2023-02-11 20:00:00','Clermont','Marseille',16,0,0,0,0,0,0,0,0.0,2),(23,'2023-02-12 12:00:00','Toulouse','Rennes',15,0,0,0,0,0,0,0,0.0,4),(23,'2023-02-12 14:00:00','Lille','Strasbourg',6,0,0,0,0,0,0,0,0.0,2),(23,'2023-02-12 14:00:00','Montpellier','Brest',8,0,0,0,0,0,0,0,0.0,3),(23,'2023-02-12 14:00:00','Reims','Troyes',9,0,0,0,0,0,0,0,0.0,4),(23,'2023-02-12 14:00:00','Angers','Auxerre',17,0,0,0,0,0,0,0,0.0,2),(23,'2023-02-12 16:05:00','Nantes','Lorient',13,0,0,0,0,0,0,0,0.0,1),(23,'2023-02-12 19:45:00','Lyon','Lens',11,0,0,0,0,0,0,0,0.0,3),(24,'2023-02-17 20:00:00','Auxerre','Lyon',4,0,0,0,0,0,0,0,0.0,3),(24,'2023-02-18 16:00:00','Nice','Reims',3,0,0,0,0,0,0,0,0.0,0),(24,'2023-02-18 20:00:00','Strasbourg','Angers',5,0,0,0,0,0,0,0,0.0,3),(24,'2023-02-19 12:00:00','PSG','Lille',2,0,0,0,0,0,0,0,0.0,7),(24,'2023-02-19 14:00:00','Brest','Monaco',7,0,0,0,0,0,0,0,0.0,3),(24,'2023-02-19 14:00:00','Lorient','AC Ajaccio',14,0,0,0,0,0,0,0,0.0,3),(24,'2023-02-19 14:00:00','Rennes','Clermont',20,0,0,0,0,0,0,0,0.0,2),(24,'2023-02-19 14:00:00','Troyes','Montpellier',19,0,0,0,0,0,0,0,0.0,1),(24,'2023-02-19 16:05:00','Lens','Nantes',10,0,0,0,0,0,0,0,0.0,4),(24,'2023-02-19 19:45:00','Toulouse','Marseille',16,0,0,0,0,0,0,0,0.0,5),(25,'2023-02-24 20:00:00','Lille','Brest',8,0,0,0,0,0,0,0,0.0,3),(25,'2023-02-25 16:00:00','Angers','Lyon',4,0,0,0,0,0,0,0,0.0,4),(25,'2023-02-25 20:00:00','Montpellier','Lens',11,0,0,0,0,0,0,0,0.0,2),(25,'2023-02-26 12:00:00','Lorient','Auxerre',17,0,0,0,0,0,0,0,0.0,1),(25,'2023-02-26 14:00:00','Clermont','Strasbourg',6,0,0,0,0,0,0,0,0.0,2),(25,'2023-02-26 14:00:00','AC Ajaccio','Troyes',9,0,0,0,0,0,0,0,0.0,3),(25,'2023-02-26 14:00:00','Nantes','Rennes',15,0,0,0,0,0,0,0,0.0,1),(25,'2023-02-26 14:00:00','Reims','Toulouse',18,0,0,0,0,0,0,0,0.0,3),(25,'2023-02-26 16:05:00','Monaco','Nice',1,0,0,0,0,0,0,0,0.0,3),(25,'2023-02-26 19:45:00','Marseille','PSG',12,0,0,0,0,0,0,0,0.0,3),(26,'2023-03-03 20:00:00','Nice','Auxerre',17,0,0,0,0,0,0,0,0.0,2),(26,'2023-03-04 16:00:00','Lens','Lille',2,0,0,0,0,0,0,0,0.0,2),(26,'2023-03-04 20:00:00','PSG','Nantes',10,0,0,0,0,0,0,0,0.0,6),(26,'2023-03-05 12:00:00','Troyes','Monaco',7,0,0,0,0,0,0,0,0.0,4),(26,'2023-03-05 14:00:00','Strasbourg','Brest',8,0,0,0,0,0,0,0,0.0,1),(26,'2023-03-05 14:00:00','Reims','AC Ajaccio',14,0,0,0,0,0,0,0,0.0,1),(26,'2023-03-05 14:00:00','Toulouse','Clermont',20,0,0,0,0,0,0,0,0.0,1),(26,'2023-03-05 14:00:00','Montpellier','Angers',5,0,0,0,0,0,0,0,0.0,5),(26,'2023-03-05 16:05:00','Lyon','Lorient',13,0,0,0,0,0,0,0,0.0,0),(26,'2023-03-05 19:45:00','Rennes','Marseille',16,0,0,0,0,0,0,0,0.0,1),(27,'2023-03-10 20:00:00','Lille','Lyon',4,0,0,0,0,0,0,0,0.0,6),(27,'2023-03-11 16:00:00','Auxerre','Rennes',15,0,0,0,0,0,0,0,0.0,0),(27,'2023-03-11 20:00:00','Brest','PSG',12,0,0,0,0,0,0,0,0.0,3),(27,'2023-03-12 12:00:00','Clermont','Lens',11,0,0,0,0,0,0,0,0.0,4),(27,'2023-03-12 14:00:00','AC Ajaccio','Montpellier',19,0,0,0,0,0,0,0,0.0,1),(27,'2023-03-12 14:00:00','Nantes','Nice',1,0,0,0,0,0,0,0,0.0,4),(27,'2023-03-12 14:00:00','Lorient','Troyes',9,0,0,0,0,0,0,0,0.0,2),(27,'2023-03-12 14:00:00','Angers','Toulouse',18,0,0,0,0,0,0,0,0.0,2),(27,'2023-03-12 16:05:00','Monaco','Reims',3,0,0,0,0,0,0,0,0.0,1),(27,'2023-03-12 19:45:00','Marseille','Strasbourg',6,0,0,0,0,0,0,0,0.0,4),(28,'2023-03-17 20:00:00','Lyon','Nantes',10,0,0,0,0,0,0,0,0.0,2),(28,'2023-03-18 16:00:00','Toulouse','Lille',2,0,0,0,0,0,0,0,0.0,2),(28,'2023-03-18 20:00:00','Lens','Angers',5,0,0,0,0,0,0,0,0.0,3),(28,'2023-03-19 12:00:00','AC Ajaccio','Monaco',7,0,0,0,0,0,0,0,0.0,2),(28,'2023-03-19 14:00:00','Troyes','Brest',8,0,0,0,0,0,0,0,0.0,4),(28,'2023-03-19 14:00:00','Strasbourg','Auxerre',17,0,0,0,0,0,0,0,0.0,2),(28,'2023-03-19 14:00:00','Nice','Lorient',13,0,0,0,0,0,0,0,0.0,2),(28,'2023-03-19 14:00:00','Montpellier','Clermont',20,0,0,0,0,0,0,0,0.0,3),(28,'2023-03-19 16:05:00','PSG','Rennes',15,0,0,0,0,0,0,0,0.0,2),(28,'2023-03-19 19:45:00','Reims','Marseille',16,0,0,0,0,0,0,0,0.0,3),(29,'2023-03-31 19:00:00','Marseille','Montpellier',19,0,0,0,0,0,0,0,0.0,2),(29,'2023-04-01 15:00:00','Auxerre','Troyes',9,0,0,0,0,0,0,0,0.0,1),(29,'2023-04-01 19:00:00','Rennes','Lens',11,0,0,0,0,0,0,0,0.0,1),(29,'2023-04-02 11:00:00','Lille','Lorient',13,0,0,0,0,0,0,0,0.0,4),(29,'2023-04-02 13:00:00','Clermont','AC Ajaccio',4,0,0,0,0,0,0,0,0.0,3),(29,'2023-04-02 13:00:00','Brest','Toulouse',16,0,0,0,0,0,0,0,0.0,4),(29,'2023-04-02 13:00:00','Angers','Nice',9,0,0,0,0,0,0,0,0.0,2),(29,'2023-04-02 13:00:00','Nantes','Reims',2,0,0,0,0,0,0,0,0.0,3),(29,'2023-04-02 15:05:00','Monaco','Strasbourg',16,0,0,0,0,0,0,0,0.0,7),(29,'2023-04-02 18:45:00','PSG','Lyon',14,0,0,0,0,0,0,0,0.0,1),(30,'2023-04-07 19:00:00','Lens','Strasbourg',4,0,0,0,0,0,0,0,0.0,3),(30,'2023-04-08 15:00:00','Angers','Lille',1,0,0,0,0,0,0,0,0.0,1),(30,'2023-04-08 19:00:00','Nice','PSG',11,0,0,0,0,0,0,0,0.0,2),(30,'2023-04-09 11:00:00','Lyon','Rennes',13,0,0,0,0,0,0,0,0.0,4),(30,'2023-04-09 13:00:00','Troyes','Clermont',19,0,0,0,0,0,0,0,0.0,2),(30,'2023-04-09 13:00:00','Reims','Brest',8,0,0,0,0,0,0,0,0.0,2),(30,'2023-04-09 13:00:00','Montpellier','Toulouse',16,0,0,0,0,0,0,0,0.0,3),(30,'2023-04-09 13:00:00','AC Ajaccio','Auxerre',17,0,0,0,0,0,0,0,0.0,3),(30,'2023-04-09 15:05:00','Nantes','Monaco',7,0,0,0,0,0,0,0,0.0,4),(30,'2023-04-09 18:45:00','Lorient','Marseille',16,0,0,0,0,0,0,0,0.0,0),(31,'2023-04-14 19:00:00','Toulouse','Lyon',4,0,0,0,0,0,0,0,0.0,3),(31,'2023-04-15 15:00:00','Rennes','Reims',13,0,0,0,0,0,0,0,0.0,3),(31,'2023-04-15 19:00:00','PSG','Lens',10,0,0,0,0,0,0,0,0.0,4),(31,'2023-04-16 11:00:00','Lille','Montpellier',9,0,0,0,0,0,0,0,0.0,3),(31,'2023-04-16 13:00:00','Strasbourg','AC Ajaccio',5,0,0,0,0,0,0,0,0.0,4),(31,'2023-04-16 13:00:00','Clermont','Angers',15,0,0,0,0,0,0,0,0.0,3),(31,'2023-04-16 13:00:00','Brest','Nice',11,0,0,0,0,0,0,0,0.0,1),(31,'2023-04-16 13:00:00','Auxerre','Nantes',20,0,0,0,0,0,0,0,0.0,3),(31,'2023-04-16 15:05:00','Monaco','Lorient',3,0,0,0,0,0,0,0,0.0,4),(31,'2023-04-16 18:45:00','Marseille','Troyes',18,0,0,0,0,0,0,0,0.0,4),(32,'2023-04-21 19:00:00','Angers','PSG',2,0,0,0,0,0,0,0,0.0,3),(32,'2023-04-22 15:00:00','Auxerre','Lille',12,0,0,0,0,0,0,0,0.0,2),(32,'2023-04-22 19:00:00','Lens','Monaco',17,0,0,0,0,0,0,0,0.0,3),(32,'2023-04-23 11:00:00','Reims','Strasbourg',15,0,0,0,0,0,0,0,0.0,2),(32,'2023-04-23 13:00:00','Nice','Clermont',10,0,0,0,0,0,0,0,0.0,3),(32,'2023-04-23 13:00:00','Nantes','Troyes',18,0,0,0,0,0,0,0,0.0,4),(32,'2023-04-23 13:00:00','Lorient','Toulouse',7,0,0,0,0,0,0,0,0.0,1),(32,'2023-04-23 13:00:00','AC Ajaccio','Brest',19,0,0,0,0,0,0,0,0.0,0),(32,'2023-04-23 15:05:00','Montpellier','Rennes',4,0,0,0,0,0,0,0,0.0,1),(32,'2023-04-23 18:45:00','Lyon','Marseille',6,0,0,0,0,0,0,0,0.0,3);
/*!40000 ALTER TABLE `away_stats5_dataset` ENABLE KEYS */;
UNLOCK TABLES;

--
-- Table structure for table `away_stats_dataset`
--

DROP TABLE IF EXISTS `away_stats_dataset`;
/*!40101 SET @saved_cs_client     = @@character_set_client */;
/*!40101 SET character_set_client = utf8 */;
CREATE TABLE `away_stats_dataset` (
  `mp` tinyint(3) unsigned NOT NULL,
  `date_time` datetime NOT NULL,
  `home_team` varchar(30) NOT NULL,
  `away_team` varchar(30) NOT NULL,
  `ranking` tinyint(3) unsigned NOT NULL,
  `under0_5` tinyint(3) unsigned NOT NULL DEFAULT 0,
  `under1_5` tinyint(3) unsigned NOT NULL DEFAULT 0,
  `under2_5` tinyint(3) unsigned NOT NULL DEFAULT 0,
  `over0_5` tinyint(3) unsigned NOT NULL DEFAULT 0,
  `over1_5` tinyint(3) unsigned NOT NULL DEFAULT 0,
  `over2_5` tinyint(3) unsigned NOT NULL DEFAULT 0,
  `btts` tinyint(3) unsigned NOT NULL DEFAULT 0,
  `mean` decimal(2,1) NOT NULL DEFAULT 0.0,
  `global` tinyint(3) unsigned NOT NULL DEFAULT 0,
  KEY `ind_date_time` (`date_time`)
) ENGINE=InnoDB DEFAULT CHARSET=utf8mb4 COLLATE=utf8mb4_general_ci;
/*!40101 SET character_set_client = @saved_cs_client */;

--
-- Dumping data for table `away_stats_dataset`
--

LOCK TABLES `away_stats_dataset` WRITE;
/*!40000 ALTER TABLE `away_stats_dataset` DISABLE KEYS */;
INSERT INTO `away_stats_dataset` VALUES (1,'2022-08-05 19:00:00','Lyon','AC Ajaccio',15,0,0,0,0,0,0,0,0.0,3),(1,'2022-08-05 19:00:00','Lyon','AC Ajaccio',13,0,0,0,100,100,100,100,0.0,3),(1,'2022-08-05 19:00:00','Lyon','AC Ajaccio',4,0,0,0,100,100,100,100,0.0,3),(1,'2022-08-06 15:00:00','Strasbourg','Monaco',20,0,0,0,0,0,0,0,0.0,3),(1,'2022-08-06 19:00:00','Clermont','PSG',12,0,0,0,0,0,0,0,0.0,5),(1,'2022-08-07 11:00:00','Toulouse','Nice',14,0,0,0,0,0,0,0,0.0,2),(1,'2022-08-07 13:00:00','Montpellier','Troyes',20,0,0,0,0,0,0,0,0.0,5),(1,'2022-08-07 13:00:00','Lille','Auxerre',13,0,0,0,0,0,0,0,0.0,5),(1,'2022-08-07 13:00:00','Lens','Brest',19,0,0,0,0,0,0,0,0.0,5),(1,'2022-08-07 13:00:00','Angers','Nantes',8,0,0,0,0,0,0,0,0.0,0),(1,'2022-08-07 15:05:00','Rennes','Lorient',10,0,0,0,0,0,0,0,0.0,1),(1,'2022-08-07 18:45:00','Marseille','Reims',9,0,0,0,0,0,0,0,0.0,5),(2,'2022-08-12 19:00:00','Nantes','Lille',5,0,0,0,0,0,0,0,5.0,2),(2,'2022-08-13 15:00:00','Monaco','Rennes',10,0,0,0,0,0,0,0,1.0,2),(2,'2022-08-13 19:00:00','PSG','Montpellier',3,0,0,0,0,0,0,0,5.0,7),(2,'2022-08-14 13:00:00','Auxerre','Angers',14,0,0,0,0,0,0,0,0.0,4),(2,'2022-08-14 13:00:00','AC Ajaccio','Lens',6,0,0,0,0,0,0,0,5.0,0),(2,'2022-08-14 13:00:00','Reims','Clermont',5,0,0,0,0,0,0,0,5.0,6),(2,'2022-08-14 13:00:00','Troyes','Toulouse',13,0,0,0,0,0,0,0,2.0,3),(2,'2022-08-14 15:05:00','Nice','Strasbourg',10,0,0,0,0,0,0,0,3.0,2),(2,'2022-08-14 18:45:00','Brest','Marseille',5,0,0,0,0,0,0,0,5.0,2),(3,'2022-08-19 19:00:00','Lyon','Troyes',11,0,0,0,100,100,100,100,3.0,5),(3,'2022-08-20 15:00:00','Monaco','Lens',5,100,100,100,0,0,0,0,5.0,5),(3,'2022-08-20 19:00:00','Marseille','Nantes',16,100,100,100,0,0,0,0,2.0,3),(3,'2022-08-21 11:00:00','Strasbourg','Reims',2,0,0,0,100,100,100,100,6.0,2),(3,'2022-08-21 13:00:00','Toulouse','Lorient',18,0,100,100,100,0,0,0,0.0,4),(3,'2022-08-21 13:00:00','Angers','Brest',13,0,0,0,100,100,100,100,2.0,4),(3,'2022-08-21 13:00:00','Clermont','Nice',16,0,0,100,100,100,0,100,2.0,1),(3,'2022-08-21 13:00:00','Montpellier','Auxerre',8,0,0,0,100,100,100,100,4.0,3),(3,'2022-08-21 15:05:00','Rennes','AC Ajaccio',20,0,0,0,100,100,100,100,0.0,3),(3,'2022-08-21 18:45:00','Lille','PSG',1,0,0,0,100,100,100,0,7.0,8),(4,'2022-08-26 19:00:00','AC Ajaccio','Lille',2,0,0,100,100,100,0,100,6.5,4),(4,'2022-08-27 15:00:00','Auxerre','Strasbourg',9,0,0,100,100,100,0,100,3.5,1),(4,'2022-08-27 19:00:00','Lens','Rennes',11,0,0,100,100,100,0,100,3.0,3),(4,'2022-08-28 11:00:00','Nantes','Toulouse',13,0,0,0,100,100,100,0,2.5,4),(4,'2022-08-28 13:00:00','Lorient','Clermont',19,0,0,0,100,100,100,100,1.5,3),(4,'2022-08-28 13:00:00','Brest','Montpellier',7,0,0,0,100,100,100,100,4.0,7),(4,'2022-08-28 13:00:00','Troyes','Angers',6,0,0,0,100,100,100,100,4.5,4),(4,'2022-08-28 13:00:00','Nice','Marseille',18,0,0,100,100,100,0,100,1.5,3),(4,'2022-08-28 15:05:00','Reims','Lyon',5,0,0,0,0,0,0,0,5.0,2),(4,'2022-08-28 18:45:00','PSG','Monaco',13,0,0,0,100,100,100,100,2.5,2),(5,'2022-08-31 17:00:00','Strasbourg','Nantes',9,50,50,50,50,50,50,50,3.5,2),(5,'2022-08-31 17:00:00','Montpellier','AC Ajaccio',9,0,0,0,100,100,100,100,3.0,2),(5,'2022-08-31 17:00:00','Lyon','Auxerre',19,0,0,0,100,100,100,100,1.5,3),(5,'2022-08-31 17:00:00','Monaco','Troyes',5,0,0,0,100,100,100,100,4.0,6),(5,'2022-08-31 17:00:00','Angers','Reims',16,0,0,50,100,100,50,100,2.0,6),(5,'2022-08-31 19:00:00','Rennes','Brest',1,0,0,0,100,100,100,100,7.0,4),(5,'2022-08-31 19:00:00','Marseille','Clermont',18,0,0,0,100,100,100,100,1.5,1),(5,'2022-08-31 19:00:00','Toulouse','PSG',15,0,0,0,100,100,100,50,2.5,3),(5,'2022-08-31 19:00:00','Lens','Lorient',5,0,50,50,100,50,50,50,4.5,7),(5,'2022-08-31 19:00:00','Lille','Nice',15,0,50,100,100,50,0,50,2.5,3),(6,'2022-09-03 15:00:00','Auxerre','Marseille',11,0,0,50,100,100,50,50,3.3,2),(6,'2022-09-03 17:00:00','Lyon','Angers',5,0,0,0,100,100,100,100,4.3,5),(6,'2022-09-03 19:00:00','Nantes','PSG',15,0,0,0,100,100,100,33,2.5,3),(6,'2022-09-04 11:00:00','Montpellier','Lille',17,0,0,50,100,100,50,100,2.0,4),(6,'2022-09-04 13:00:00','AC Ajaccio','Lorient',5,0,33,33,100,67,67,67,4.5,1),(6,'2022-09-04 13:00:00','Reims','Lens',10,50,50,50,50,50,50,50,4.0,2),(6,'2022-09-04 13:00:00','Clermont','Toulouse',3,0,0,0,100,100,100,50,5.3,2),(6,'2022-09-04 13:00:00','Brest','Strasbourg',20,0,50,100,100,50,0,50,1.7,2),(6,'2022-09-04 15:05:00','Troyes','Rennes',7,0,0,50,100,100,50,100,4.3,2),(6,'2022-09-04 18:45:00','Nice','Monaco',1,0,0,50,100,100,50,100,5.3,1),(2,'2022-09-07 17:00:00','Lorient','Lyon',5,0,0,100,100,100,0,100,4.3,4),(7,'2022-09-09 19:00:00','Lens','Troyes',15,0,0,0,100,100,100,100,2.3,1),(7,'2022-09-10 15:00:00','PSG','Brest',20,0,0,0,100,100,100,100,1.7,1),(7,'2022-09-10 19:00:00','Marseille','Lille',18,0,0,33,100,100,67,100,2.0,3),(7,'2022-09-11 11:00:00','Strasbourg','Clermont',13,0,33,33,100,67,67,67,3.0,0),(7,'2022-09-11 13:00:00','Toulouse','Reims',16,0,0,33,100,100,67,100,2.3,1),(7,'2022-09-11 13:00:00','Lorient','Nantes',2,33,33,67,67,67,33,67,4.8,5),(7,'2022-09-11 13:00:00','Angers','Montpellier',11,0,0,0,100,100,100,50,3.3,3),(7,'2022-09-11 13:00:00','AC Ajaccio','Nice',18,0,33,67,100,67,33,67,2.0,1),(7,'2022-09-11 15:05:00','Rennes','Auxerre',14,0,0,0,100,100,100,100,2.3,5),(7,'2022-09-11 18:45:00','Monaco','Lyon',4,0,0,50,100,100,50,100,4.3,3),(8,'2022-09-16 19:00:00','Auxerre','Lorient',13,0,50,50,100,50,50,50,2.5,4),(8,'2022-09-17 15:00:00','Montpellier','Strasbourg',13,0,33,100,100,67,0,67,2.5,3),(8,'2022-09-17 19:00:00','Lille','Toulouse',7,0,0,33,100,100,67,33,3.5,3),(8,'2022-09-18 11:00:00','Reims','Monaco',12,0,33,67,100,67,33,67,3.0,3),(8,'2022-09-18 13:00:00','Brest','AC Ajaccio',19,0,0,33,100,100,67,67,1.8,1),(8,'2022-09-18 13:00:00','Clermont','Troyes',17,0,25,25,100,75,75,75,2.3,4),(8,'2022-09-18 13:00:00','Marseille','Rennes',6,0,0,67,100,100,33,100,4.0,2),(8,'2022-09-18 13:00:00','Nice','Angers',1,0,0,0,100,100,100,67,5.7,1),(8,'2022-09-18 15:05:00','Nantes','Lens',4,33,33,67,67,67,33,67,4.3,0),(8,'2022-09-18 18:45:00','Lyon','PSG',8,0,0,0,100,100,100,25,3.5,1),(9,'2022-09-30 19:00:00','Angers','Marseille',14,0,0,67,100,100,33,33,2.3,3),(9,'2022-10-01 15:00:00','Strasbourg','Rennes',3,0,0,75,100,100,25,100,4.0,4),(9,'2022-10-01 19:00:00','PSG','Nice',6,0,50,75,100,50,25,50,3.5,3),(9,'2022-10-02 11:00:00','Lorient','Lille',8,0,0,25,100,100,75,100,3.0,3),(9,'2022-10-02 13:00:00','Troyes','Reims',14,0,25,50,100,75,50,75,2.3,4),(9,'2022-10-02 13:00:00','Auxerre','Brest',16,0,25,25,100,75,75,75,2.3,2),(9,'2022-10-02 13:00:00','AC Ajaccio','Clermont',2,25,50,50,75,50,50,50,4.2,4),(9,'2022-10-02 13:00:00','Toulouse','Montpellier',18,0,0,0,100,100,100,67,2.0,6),(9,'2022-10-02 15:05:00','Monaco','Nantes',20,25,25,50,75,75,50,75,1.8,5),(9,'2022-10-02 18:45:00','Lens','Lyon',4,0,0,33,100,100,67,100,4.0,1),(10,'2022-10-07 19:00:00','Lyon','Toulouse',1,0,0,25,100,100,75,50,5.8,2),(10,'2022-10-08 15:00:00','Marseille','AC Ajaccio',11,0,25,50,100,75,50,50,2.8,3),(10,'2022-10-08 19:00:00','Reims','PSG',18,0,20,20,100,80,80,20,2.0,0),(10,'2022-10-09 11:00:00','Montpellier','Monaco',9,0,25,50,100,75,50,50,3.0,2),(10,'2022-10-09 13:00:00','Clermont','Auxerre',8,0,0,0,100,100,100,75,3.2,3),(10,'2022-10-09 13:00:00','Brest','Lorient',8,0,40,40,100,60,60,60,3.2,3),(10,'2022-10-09 13:00:00','Nice','Troyes',4,0,20,20,100,80,80,80,3.6,5),(10,'2022-10-09 13:00:00','Angers','Strasbourg',14,0,25,75,100,75,25,75,2.6,5),(10,'2022-10-09 15:05:00','Rennes','Nantes',20,20,20,40,80,80,60,80,1.8,3),(10,'2022-10-09 18:45:00','Lille','Lens',16,50,50,75,50,50,25,50,2.5,1),(11,'2022-10-14 19:00:00','Strasbourg','Lille',20,0,0,20,100,100,80,100,1.6,3),(11,'2022-10-15 15:00:00','Lorient','Reims',5,0,20,40,100,80,60,80,3.3,0),(11,'2022-10-15 19:00:00','Lens','Montpellier',17,0,0,0,100,100,100,75,2.2,1),(11,'2022-10-16 11:00:00','Toulouse','Angers',15,0,25,25,100,75,75,50,2.6,5),(11,'2022-10-16 13:00:00','Auxerre','Nice',2,0,40,60,100,60,40,60,4.3,2),(11,'2022-10-16 13:00:00','Troyes','AC Ajaccio',12,0,20,40,100,80,60,60,2.8,2),(11,'2022-10-16 13:00:00','Nantes','Brest',6,0,20,40,100,80,60,80,3.3,5),(11,'2022-10-16 13:00:00','Rennes','Lyon',12,0,25,50,100,75,50,75,2.8,5),(11,'2022-10-16 15:05:00','Monaco','Clermont',3,20,40,40,80,60,60,60,3.8,2),(11,'2022-10-16 18:45:00','PSG','Marseille',15,0,0,50,100,100,50,25,2.4,1),(12,'2022-10-21 19:00:00','AC Ajaccio','PSG',17,17,33,33,83,67,67,17,2.2,3),(12,'2022-10-22 15:00:00','Montpellier','Lyon',12,0,20,40,100,80,60,80,2.8,3),(12,'2022-10-22 19:00:00','Marseille','Lens',1,40,60,80,60,40,20,40,4.8,1),(12,'2022-10-23 11:00:00','Angers','Rennes',11,0,0,60,100,100,40,100,3.0,3),(12,'2022-10-23 13:00:00','Toulouse','Strasbourg',9,0,20,60,100,80,40,80,3.2,4),(12,'2022-10-23 13:00:00','Troyes','Lorient',9,0,33,33,100,67,67,67,3.0,4),(12,'2022-10-23 13:00:00','Reims','Auxerre',18,0,0,0,100,100,100,80,2.0,3),(12,'2022-10-23 13:00:00','Clermont','Brest',7,0,17,33,100,83,67,83,3.3,4),(12,'2022-10-23 15:05:00','Nice','Nantes',5,17,17,33,83,83,67,67,3.5,2),(12,'2022-10-23 18:45:00','Lille','Monaco',16,0,20,60,100,80,40,40,2.7,7),(13,'2022-10-28 19:00:00','Lens','Toulouse',15,0,0,40,100,100,60,60,2.8,3),(13,'2022-10-29 15:00:00','PSG','Troyes',4,0,17,17,100,83,83,83,3.4,7),(13,'2022-10-29 19:00:00','Strasbourg','Marseille',20,0,20,60,100,80,40,20,1.5,4),(13,'2022-10-30 12:00:00','Auxerre','AC Ajaccio',7,0,17,50,100,83,50,67,3.3,1),(13,'2022-10-30 14:00:00','Nantes','Clermont',3,17,33,50,83,67,50,67,3.6,2),(13,'2022-10-30 14:00:00','Brest','Reims',2,17,33,50,83,67,50,67,3.7,0),(13,'2022-10-30 14:00:00','Monaco','Angers',14,0,20,20,100,80,80,60,2.7,2),(13,'2022-10-30 14:00:00','Rennes','Montpellier',9,0,20,20,100,80,80,60,3.0,3),(13,'2022-10-30 16:05:00','Lorient','Nice',11,0,33,67,100,67,33,67,2.9,3),(13,'2022-10-30 19:45:00','Lyon','Lille',9,0,0,17,100,100,83,83,3.0,1),(14,'2022-11-04 20:00:00','Troyes','Auxerre',19,0,0,0,100,100,100,83,2.1,2),(14,'2022-11-05 16:00:00','AC Ajaccio','Strasbourg',17,0,17,50,100,83,50,83,2.5,6),(14,'2022-11-05 20:00:00','Angers','Lens',12,33,67,83,67,33,17,33,2.8,3),(14,'2022-11-06 12:00:00','Lorient','PSG',1,14,29,29,86,71,71,14,4.7,3),(14,'2022-11-06 14:00:00','Reims','Nantes',16,14,14,43,86,86,57,71,2.6,1),(14,'2022-11-06 14:00:00','Clermont','Montpellier',8,0,17,17,100,83,83,50,3.0,2),(14,'2022-11-06 14:00:00','Nice','Brest',15,0,14,29,100,86,71,86,2.6,1),(14,'2022-11-06 14:00:00','Toulouse','Monaco',4,0,17,50,100,83,50,50,3.5,2),(14,'2022-11-06 16:05:00','Lille','Rennes',2,0,0,50,100,100,50,100,4.5,2),(14,'2022-11-06 19:45:00','Marseille','Lyon',11,0,17,33,100,83,67,83,2.9,1),(15,'2022-11-11 20:00:00','Lyon','Nice',8,0,29,57,100,71,43,71,3.3,2),(15,'2022-11-12 16:00:00','Lens','Clermont',3,14,29,57,86,71,43,71,4.1,3),(15,'2022-11-12 20:00:00','Rennes','Toulouse',10,0,0,33,100,100,67,50,2.9,3),(15,'2022-11-13 12:00:00','PSG','Auxerre',18,0,0,14,100,100,86,86,2.1,5),(15,'2022-11-13 14:00:00','Montpellier','Reims',13,29,43,57,71,57,43,57,2.6,2),(15,'2022-11-13 14:00:00','Lille','Angers',20,0,17,33,100,83,67,50,1.7,1),(15,'2022-11-13 14:00:00','Brest','Troyes',4,0,14,14,100,86,86,86,3.4,3),(15,'2022-11-13 14:00:00','Nantes','AC Ajaccio',7,0,29,57,100,71,43,57,3.3,4),(15,'2022-11-13 16:05:00','Strasbourg','Lorient',6,0,29,29,100,71,71,71,3.3,2),(15,'2022-11-13 19:45:00','Monaco','Marseille',13,0,17,50,100,83,50,33,2.7,5),(16,'2022-12-28 14:00:00','AC Ajaccio','Angers',20,0,29,43,100,71,57,43,1.7,1),(16,'2022-12-28 14:00:00','Troyes','Nantes',17,13,25,50,88,75,50,63,2.4,0),(16,'2022-12-28 16:00:00','Auxerre','Monaco',11,0,14,57,100,86,43,43,2.9,5),(16,'2022-12-28 18:00:00','Clermont','Lille',8,0,14,29,100,86,71,71,3.1,2),(16,'2022-12-28 20:00:00','PSG','Strasbourg',5,0,14,43,100,86,57,86,3.3,3),(16,'2022-12-28 20:00:00','Brest','Lyon',19,0,29,43,100,71,57,71,2.1,6),(16,'2022-12-29 16:00:00','Lorient','Montpellier',16,0,14,29,100,86,71,57,2.5,2),(16,'2022-12-29 18:00:00','Reims','Rennes',9,0,0,57,100,100,43,100,2.9,4),(16,'2022-12-29 20:00:00','Marseille','Toulouse',10,0,0,29,100,100,71,57,2.9,7),(16,'2022-12-29 20:00:00','Nice','Lens',15,29,57,71,71,43,29,43,2.6,0),(17,'2023-01-01 14:00:00','Monaco','Brest',5,0,25,38,100,75,63,75,3.1,1),(17,'2023-01-01 14:00:00','Nantes','Auxerre',6,0,0,13,100,100,88,75,3.1,1),(17,'2023-01-01 14:00:00','Toulouse','AC Ajaccio',10,0,25,50,100,75,50,63,2.9,2),(17,'2023-01-01 14:00:00','Angers','Lorient',1,0,25,38,100,75,63,75,3.9,3),(17,'2023-01-01 16:00:00','Lyon','Clermont',13,13,25,50,88,75,50,75,2.8,1),(17,'2023-01-01 19:45:00','Lens','PSG',5,13,25,25,88,75,75,25,3.3,4),(17,'2023-01-02 14:00:00','Strasbourg','Troyes',18,0,13,13,100,88,88,88,2.3,5),(17,'2023-01-02 16:00:00','Lille','Reims',15,25,38,63,75,63,38,63,2.8,2),(17,'2023-01-02 18:00:00','Montpellier','Marseille',3,0,14,43,100,86,57,43,3.4,3),(17,'2023-01-02 20:00:00','Rennes','Nice',20,0,25,63,100,75,38,75,1.5,3),(18,'2023-01-11 18:00:00','AC Ajaccio','Reims',14,22,33,67,78,67,33,67,2.8,1),(18,'2023-01-11 18:00:00','Clermont','Rennes',19,0,0,50,100,100,50,100,2.2,3),(18,'2023-01-11 18:00:00','Auxerre','Toulouse',18,0,0,25,100,100,75,63,2.3,5),(18,'2023-01-11 18:00:00','Nantes','Lyon',14,0,25,38,100,75,63,75,2.4,0),(18,'2023-01-11 18:00:00','Brest','Lille',14,0,13,38,100,88,63,63,2.4,0),(18,'2023-01-11 20:00:00','Lorient','Monaco',8,0,13,50,100,88,50,50,3.0,4),(18,'2023-01-11 20:00:00','PSG','Angers',6,0,38,50,100,63,50,38,3.2,2),(18,'2023-01-11 20:00:00','Nice','Montpellier',8,0,13,38,100,88,63,50,2.9,7),(18,'2023-01-11 20:00:00','Strasbourg','Lens',5,38,63,75,63,38,25,38,3.3,4),(18,'2023-01-11 20:00:00','Troyes','Marseille',3,0,13,38,100,88,63,50,3.4,2),(19,'2023-01-14 16:00:00','Lens','Auxerre',2,0,11,22,100,89,78,67,3.6,1),(19,'2023-01-14 18:00:00','Marseille','Lorient',5,0,22,33,100,78,67,78,3.2,4),(19,'2023-01-14 20:00:00','Lyon','Strasbourg',20,0,13,38,100,88,63,88,1.8,3),(19,'2023-01-15 12:00:00','Lille','Troyes',11,0,11,11,100,89,89,89,2.8,6),(19,'2023-01-15 14:00:00','Reims','Nice',2,0,22,56,100,78,44,78,4.2,0),(19,'2023-01-15 14:00:00','Toulouse','Brest',15,0,33,44,100,67,56,67,2.4,2),(19,'2023-01-15 14:00:00','Montpellier','Nantes',13,22,33,56,78,67,44,56,2.8,3),(19,'2023-01-15 14:00:00','Angers','Clermont',14,11,33,56,89,67,44,67,2.8,3),(19,'2023-01-15 16:05:00','Monaco','AC Ajaccio',17,0,22,56,100,78,44,56,2.3,8),(19,'2023-01-15 19:45:00','Rennes','PSG',12,11,22,22,89,78,78,33,2.8,1),(20,'2023-01-27 20:00:00','Lorient','Rennes',8,0,0,44,100,100,56,100,3.1,3),(20,'2023-01-28 16:00:00','Troyes','Lens',6,33,56,67,67,44,33,44,3.1,2),(20,'2023-01-28 20:00:00','Marseille','Monaco',9,0,11,44,100,89,56,56,2.9,2),(20,'2023-01-29 12:00:00','Nice','Lille',1,11,22,44,89,78,56,56,4.7,1),(20,'2023-01-29 14:00:00','Auxerre','Montpellier',15,0,11,33,100,89,67,56,2.4,2),(20,'2023-01-29 14:00:00','Clermont','Nantes',9,20,30,50,80,70,50,50,2.8,0),(20,'2023-01-29 14:00:00','Brest','Angers',12,0,33,56,100,67,44,33,2.5,4),(20,'2023-01-29 14:00:00','Strasbourg','Toulouse',9,0,0,22,100,100,78,56,2.9,3),(20,'2023-01-29 16:05:00','AC Ajaccio','Lyon',4,11,33,44,89,67,56,67,3.2,2),(20,'2023-01-29 19:45:00','PSG','Reims',19,20,40,70,80,60,30,60,2.0,2),(21,'2023-02-01 18:00:00','Reims','Lorient',12,0,20,30,100,80,70,80,2.8,6),(21,'2023-02-01 18:00:00','Toulouse','Troyes',20,0,10,10,100,90,90,90,1.8,5),(21,'2023-02-01 18:00:00','Angers','AC Ajaccio',14,0,20,50,100,80,50,60,2.7,3),(21,'2023-02-01 18:00:00','Nantes','Marseille',9,0,11,44,100,89,56,44,3.1,2),(21,'2023-02-01 18:00:00','Lille','Clermont',19,10,30,50,90,70,50,70,2.2,0),(21,'2023-02-01 20:00:00','Rennes','Strasbourg',4,0,11,33,100,89,67,89,3.5,3),(21,'2023-02-01 20:00:00','Monaco','Auxerre',2,0,20,30,100,80,70,60,4.0,5),(21,'2023-02-01 20:00:00','Lyon','Brest',11,0,30,50,100,70,50,70,2.9,0),(21,'2023-02-01 20:00:00','Lens','Nice',16,10,30,60,90,70,40,70,2.3,1),(21,'2023-02-01 20:00:00','Montpellier','PSG',17,10,30,30,90,70,70,30,2.3,4),(22,'2023-02-04 16:00:00','PSG','Toulouse',1,0,0,20,100,100,80,60,4.7,3),(22,'2023-02-04 18:00:00','Troyes','Lyon',15,10,30,50,90,70,50,60,2.6,4),(22,'2023-02-04 20:00:00','Rennes','Lille',18,10,30,50,90,70,50,50,2.3,4),(22,'2023-02-05 12:00:00','Clermont','Monaco',6,0,10,50,100,90,50,60,3.3,2),(22,'2023-02-05 14:00:00','Auxerre','Reims',3,18,36,73,82,64,27,64,3.5,0),(22,'2023-02-05 14:00:00','AC Ajaccio','Nantes',13,27,36,55,73,64,45,45,2.7,2),(22,'2023-02-05 14:00:00','Lorient','Angers',9,0,30,50,100,70,50,30,2.9,0),(22,'2023-02-05 14:00:00','Strasbourg','Montpellier',6,0,10,40,100,90,60,50,3.2,2),(22,'2023-02-05 16:05:00','Brest','Lens',20,30,50,70,70,50,30,50,1.9,2),(22,'2023-02-05 19:45:00','Marseille','Nice',15,9,36,64,91,64,36,64,2.3,4),(23,'2023-02-10 20:00:00','Nice','AC Ajaccio',16,0,18,45,100,82,55,64,2.2,3),(23,'2023-02-11 16:00:00','Monaco','PSG',4,9,27,27,91,73,73,36,3.5,4),(23,'2023-02-11 20:00:00','Clermont','Marseille',17,0,10,50,100,90,50,40,2.1,2),(23,'2023-02-12 12:00:00','Toulouse','Rennes',14,0,0,40,100,100,60,100,2.5,4),(23,'2023-02-12 14:00:00','Lille','Strasbourg',1,0,10,30,100,90,70,80,3.8,2),(23,'2023-02-12 14:00:00','Montpellier','Brest',20,9,36,55,91,64,45,64,1.8,3),(23,'2023-02-12 14:00:00','Reims','Troyes',9,0,9,9,100,91,91,91,2.8,4),(23,'2023-02-12 14:00:00','Angers','Auxerre',18,0,18,27,100,82,73,64,2.1,2),(23,'2023-02-12 16:05:00','Nantes','Lorient',13,0,18,27,100,82,73,82,2.6,1),(23,'2023-02-12 19:45:00','Lyon','Lens',19,27,45,73,73,55,27,55,1.9,3),(24,'2023-02-17 20:00:00','Auxerre','Lyon',18,9,27,45,91,73,55,64,1.9,3),(24,'2023-02-18 16:00:00','Nice','Reims',1,25,42,75,75,58,25,58,4.7,0),(24,'2023-02-18 20:00:00','Strasbourg','Angers',6,9,36,55,91,64,45,27,3.2,3),(24,'2023-02-19 12:00:00','PSG','Lille',6,9,27,45,91,73,55,55,3.1,7),(24,'2023-02-19 14:00:00','Brest','Monaco',2,0,9,55,100,91,45,55,3.3,3),(24,'2023-02-19 14:00:00','Lorient','AC Ajaccio',16,0,17,42,100,83,58,58,2.2,3),(24,'2023-02-19 14:00:00','Rennes','Clermont',14,18,36,55,82,64,45,64,2.6,2),(24,'2023-02-19 14:00:00','Troyes','Montpellier',13,0,9,45,100,91,55,45,2.7,1),(24,'2023-02-19 16:05:00','Lens','Nantes',4,25,33,58,75,67,42,42,3.3,4),(24,'2023-02-19 19:45:00','Toulouse','Marseille',18,0,9,55,100,91,45,36,2.1,5),(25,'2023-02-24 20:00:00','Lille','Brest',7,8,33,50,92,67,50,58,3.0,3),(25,'2023-02-25 16:00:00','Angers','Lyon',20,8,25,42,92,75,58,67,1.9,4),(25,'2023-02-25 20:00:00','Montpellier','Lens',15,25,42,67,75,58,33,58,2.3,2),(25,'2023-02-26 12:00:00','Lorient','Auxerre',9,0,17,33,100,83,67,67,2.8,1),(25,'2023-02-26 14:00:00','Clermont','Strasbourg',12,0,9,36,100,91,64,73,2.7,2),(25,'2023-02-26 14:00:00','AC Ajaccio','Troyes',2,0,8,8,100,92,92,83,3.6,3),(25,'2023-02-26 14:00:00','Nantes','Rennes',16,0,0,36,100,100,64,100,2.3,1),(25,'2023-02-26 14:00:00','Reims','Toulouse',12,0,0,18,100,100,82,64,2.8,3),(25,'2023-02-26 16:05:00','Monaco','Nice',18,8,33,58,92,67,42,67,1.9,3),(25,'2023-02-26 19:45:00','Marseille','PSG',9,8,25,25,92,75,75,42,2.8,3),(26,'2023-03-03 20:00:00','Nice','Auxerre',11,0,23,38,100,77,62,62,2.8,2),(26,'2023-03-04 16:00:00','Lens','Lille',14,8,25,42,92,75,58,58,2.7,2),(26,'2023-03-04 20:00:00','PSG','Nantes',10,23,31,54,77,69,46,46,2.8,6),(26,'2023-03-05 12:00:00','Troyes','Monaco',18,0,8,50,100,92,50,58,2.2,4),(26,'2023-03-05 14:00:00','Strasbourg','Brest',5,8,31,46,92,69,54,62,3.0,1),(26,'2023-03-05 14:00:00','Reims','AC Ajaccio',1,0,15,38,100,85,62,54,4.5,1),(26,'2023-03-05 14:00:00','Toulouse','Clermont',6,17,33,58,83,67,42,58,3.0,1),(26,'2023-03-05 14:00:00','Montpellier','Angers',8,8,33,50,92,67,50,33,2.9,5),(26,'2023-03-05 16:05:00','Lyon','Lorient',5,0,25,33,100,75,67,75,3.0,0),(26,'2023-03-05 19:45:00','Rennes','Marseille',2,0,8,50,100,92,50,42,3.2,1),(27,'2023-03-10 20:00:00','Lille','Lyon',3,8,23,38,92,77,62,69,3.1,6),(27,'2023-03-11 16:00:00','Auxerre','Rennes',16,0,8,42,100,92,58,92,2.7,0),(27,'2023-03-11 20:00:00','Brest','PSG',17,8,23,23,92,77,77,38,2.6,3),(27,'2023-03-12 12:00:00','Clermont','Lens',13,23,38,69,77,62,31,62,2.8,4),(27,'2023-03-12 14:00:00','AC Ajaccio','Montpellier',13,0,17,50,100,83,50,42,2.8,1),(27,'2023-03-12 14:00:00','Nantes','Nice',8,8,31,54,92,69,46,62,2.9,4),(27,'2023-03-12 14:00:00','Lorient','Troyes',6,0,8,8,100,92,92,85,3.1,2),(27,'2023-03-12 14:00:00','Angers','Toulouse',19,0,0,17,100,100,83,58,2.2,2),(27,'2023-03-12 16:05:00','Monaco','Reims',10,31,46,77,69,54,23,54,2.8,1),(27,'2023-03-12 19:45:00','Marseille','Strasbourg',14,0,8,42,100,92,58,75,2.6,4),(28,'2023-03-17 20:00:00','Lyon','Nantes',17,21,29,50,79,71,50,50,2.3,2),(28,'2023-03-18 16:00:00','Toulouse','Lille',5,8,23,46,92,77,54,62,3.1,2),(28,'2023-03-18 20:00:00','Lens','Angers',3,8,31,46,92,69,54,31,3.3,3),(28,'2023-03-19 12:00:00','AC Ajaccio','Monaco',20,0,8,46,100,92,54,62,1.9,2),(28,'2023-03-19 14:00:00','Troyes','Brest',3,7,36,50,93,64,50,57,3.2,4),(28,'2023-03-19 14:00:00','Strasbourg','Auxerre',17,0,21,43,100,79,57,64,2.5,2),(28,'2023-03-19 14:00:00','Nice','Lorient',1,8,31,38,92,69,62,69,4.4,2),(28,'2023-03-19 14:00:00','Montpellier','Clermont',19,15,38,62,85,62,38,54,2.1,3),(28,'2023-03-19 16:05:00','PSG','Rennes',12,8,15,46,92,85,54,85,2.7,2),(28,'2023-03-19 19:45:00','Reims','Marseille',5,0,15,54,100,85,46,38,3.1,3),(29,'2023-03-31 19:00:00','Marseille','Montpellier',18,0,23,54,100,77,46,38,2.2,2),(29,'2023-04-01 15:00:00','Auxerre','Troyes',11,0,7,14,100,93,86,79,2.7,1),(29,'2023-04-01 19:00:00','Rennes','Lens',10,21,36,64,79,64,36,57,2.9,1),(29,'2023-04-02 11:00:00','Lille','Lorient',1,7,29,43,93,71,57,71,4.4,4),(29,'2023-04-02 13:00:00','Clermont','AC Ajaccio',7,0,21,43,100,79,57,50,3.0,3),(29,'2023-04-02 13:00:00','Brest','Toulouse',14,0,0,23,100,100,77,54,2.7,4),(29,'2023-04-02 13:00:00','Angers','Nice',8,7,29,50,93,71,50,64,3.0,2),(29,'2023-04-02 13:00:00','Nantes','Reims',11,29,50,79,71,50,21,50,2.7,3),(29,'2023-04-02 15:05:00','Monaco','Strasbourg',9,0,8,38,100,92,62,77,2.9,7),(29,'2023-04-02 18:45:00','PSG','Lyon',16,7,21,36,93,79,64,71,2.5,1),(30,'2023-04-07 19:00:00','Lens','Strasbourg',10,0,7,36,100,93,64,79,2.9,3),(30,'2023-04-08 15:00:00','Angers','Lille',7,7,21,50,93,79,50,57,3.1,1),(30,'2023-04-08 19:00:00','Nice','PSG',8,7,21,21,93,79,79,43,3.0,2),(30,'2023-04-09 11:00:00','Lyon','Rennes',19,7,14,50,93,86,50,79,2.0,4),(30,'2023-04-09 13:00:00','Troyes','Clermont',12,14,36,57,86,64,43,57,2.8,2),(30,'2023-04-09 13:00:00','Reims','Brest',4,7,33,47,93,67,53,60,3.4,2),(30,'2023-04-09 13:00:00','Montpellier','Toulouse',13,0,0,21,100,100,79,57,2.7,3),(30,'2023-04-09 13:00:00','AC Ajaccio','Auxerre',2,0,20,47,100,80,53,60,4.1,3),(30,'2023-04-09 15:05:00','Nantes','Monaco',3,0,7,50,100,93,50,57,3.4,4),(30,'2023-04-09 18:45:00','Lorient','Marseille',6,0,14,50,100,86,50,43,3.3,0),(31,'2023-04-14 19:00:00','Toulouse','Lyon',16,7,27,40,93,73,60,67,2.6,3),(31,'2023-04-15 15:00:00','Rennes','Reims',15,27,47,73,73,53,27,47,2.6,3),(31,'2023-04-15 19:00:00','PSG','Lens',4,20,40,67,80,60,33,53,3.3,4),(31,'2023-04-16 11:00:00','Lille','Montpellier',6,0,21,57,100,79,43,43,3.3,3),(31,'2023-04-16 13:00:00','Strasbourg','AC Ajaccio',11,0,20,40,100,80,60,53,2.9,4),(31,'2023-04-16 13:00:00','Clermont','Angers',16,7,29,43,93,71,57,29,2.6,3),(31,'2023-04-16 13:00:00','Brest','Nice',8,7,27,53,93,73,47,67,3.1,1),(31,'2023-04-16 13:00:00','Auxerre','Nantes',8,20,27,53,80,73,47,53,3.1,3),(31,'2023-04-16 15:05:00','Monaco','Lorient',16,7,27,40,93,73,60,73,2.5,4),(31,'2023-04-16 18:45:00','Marseille','Troyes',17,0,13,20,100,87,80,73,2.2,4),(32,'2023-04-21 19:00:00','Angers','PSG',19,7,20,27,93,80,73,40,2.1,3),(32,'2023-04-22 15:00:00','Auxerre','Lille',4,7,27,53,93,73,47,53,3.3,2),(32,'2023-04-22 19:00:00','Lens','Monaco',7,0,7,47,100,93,53,60,3.1,3),(32,'2023-04-23 11:00:00','Reims','Strasbourg',12,0,7,33,100,93,67,80,2.9,2),(32,'2023-04-23 13:00:00','Nice','Clermont',12,13,33,60,87,67,40,53,2.9,3),(32,'2023-04-23 13:00:00','Nantes','Troyes',17,0,13,19,100,88,81,75,2.2,4),(32,'2023-04-23 13:00:00','Lorient','Toulouse',9,0,0,20,100,100,80,60,3.0,1),(32,'2023-04-23 13:00:00','AC Ajaccio','Brest',18,6,31,50,94,69,50,63,2.2,0),(32,'2023-04-23 15:05:00','Montpellier','Rennes',20,7,13,47,93,87,53,80,2.0,1),(32,'2023-04-23 18:45:00','Lyon','Marseille',1,7,20,53,93,80,47,40,4.1,3);
/*!40000 ALTER TABLE `away_stats_dataset` ENABLE KEYS */;
UNLOCK TABLES;

--
-- Table structure for table `home_stats`
--

DROP TABLE IF EXISTS `home_stats`;
/*!40101 SET @saved_cs_client     = @@character_set_client */;
/*!40101 SET character_set_client = utf8 */;
CREATE TABLE `home_stats` (
  `team` varchar(30) NOT NULL,
  `under0_5` tinyint(3) unsigned NOT NULL DEFAULT 0,
  `under1_5` tinyint(3) unsigned NOT NULL DEFAULT 0,
  `under2_5` tinyint(3) unsigned NOT NULL DEFAULT 0,
  `over0_5` tinyint(3) unsigned NOT NULL DEFAULT 0,
  `over1_5` tinyint(3) unsigned NOT NULL DEFAULT 0,
  `over2_5` tinyint(3) unsigned NOT NULL DEFAULT 0,
  `mean` decimal(2,1) NOT NULL DEFAULT 0.0,
  `btts` tinyint(3) unsigned NOT NULL DEFAULT 0,
  PRIMARY KEY (`team`),
  CONSTRAINT `fk__home_stats__overall_stats` FOREIGN KEY (`team`) REFERENCES `overall_stats` (`team`) ON DELETE CASCADE ON UPDATE CASCADE
) ENGINE=InnoDB DEFAULT CHARSET=utf8mb4 COLLATE=utf8mb4_general_ci;
/*!40101 SET character_set_client = @saved_cs_client */;

--
-- Dumping data for table `home_stats`
--

LOCK TABLES `home_stats` WRITE;
/*!40000 ALTER TABLE `home_stats` DISABLE KEYS */;
INSERT INTO `home_stats` VALUES ('AC Ajaccio',13,44,63,88,56,38,2.1,25),('Angers',6,12,29,94,88,71,2.9,76),('Auxerre',13,31,63,88,69,38,2.3,50),('Brest',13,27,47,87,73,53,2.7,60),('Clermont',6,13,50,94,88,50,2.6,50),('Lens',0,31,38,100,69,63,2.8,50),('Lille',6,19,38,94,81,63,3.5,75),('Lorient',19,31,44,81,69,56,2.3,50),('Lyon',13,31,50,88,69,50,2.4,63),('Marseille',0,19,38,100,81,63,3.1,75),('Monaco',0,13,31,100,88,69,3.9,75),('Montpellier',0,6,29,100,94,71,3.0,65),('Nantes',13,31,50,88,69,50,2.5,50),('Nice',13,38,69,88,63,31,2.2,44),('PSG',0,19,44,100,81,56,3.5,63),('Reims',13,25,50,88,75,50,2.6,50),('Rennes',0,25,31,100,75,69,2.8,38),('Strasbourg',6,13,44,94,88,56,2.8,69),('Toulouse',0,13,44,100,88,56,3.2,63),('Troyes',7,13,53,93,87,47,2.7,67);
/*!40000 ALTER TABLE `home_stats` ENABLE KEYS */;
UNLOCK TABLES;

--
-- Table structure for table `home_stats5`
--

DROP TABLE IF EXISTS `home_stats5`;
/*!40101 SET @saved_cs_client     = @@character_set_client */;
/*!40101 SET character_set_client = utf8 */;
CREATE TABLE `home_stats5` (
  `team` varchar(30) NOT NULL,
  `under0_5` tinyint(3) unsigned NOT NULL DEFAULT 0,
  `under1_5` tinyint(3) unsigned NOT NULL DEFAULT 0,
  `under2_5` tinyint(3) unsigned NOT NULL DEFAULT 0,
  `over0_5` tinyint(3) unsigned NOT NULL DEFAULT 0,
  `over1_5` tinyint(3) unsigned NOT NULL DEFAULT 0,
  `over2_5` tinyint(3) unsigned NOT NULL DEFAULT 0,
  `btts` tinyint(3) unsigned NOT NULL DEFAULT 0,
  `mean` decimal(2,1) NOT NULL DEFAULT 0.0,
  PRIMARY KEY (`team`),
  CONSTRAINT `fk__home_stats5__overall_stats` FOREIGN KEY (`team`) REFERENCES `overall_stats` (`team`) ON DELETE CASCADE ON UPDATE CASCADE
) ENGINE=InnoDB DEFAULT CHARSET=utf8mb4 COLLATE=utf8mb4_general_ci;
/*!40101 SET character_set_client = @saved_cs_client */;

--
-- Dumping data for table `home_stats5`
--

LOCK TABLES `home_stats5` WRITE;
/*!40000 ALTER TABLE `home_stats5` DISABLE KEYS */;
INSERT INTO `home_stats5` VALUES ('AC Ajaccio',20,40,60,80,60,40,20,1.8),('Angers',0,20,60,100,80,40,60,2.4),('Auxerre',20,40,60,80,60,40,60,1.8),('Brest',20,40,60,80,60,40,60,2.0),('Clermont',0,20,60,100,80,40,40,2.2),('Lens',0,0,20,100,100,80,60,3.0),('Lille',0,20,80,100,80,20,60,2.8),('Lorient',20,60,80,80,40,20,0,1.4),('Lyon',20,20,40,80,80,60,80,2.4),('Marseille',20,40,40,80,60,60,60,2.4),('Monaco',0,0,20,100,100,80,60,3.2),('Montpellier',0,20,40,100,80,60,60,2.8),('Nantes',0,20,20,100,80,80,60,3.2),('Nice',20,20,80,80,80,20,60,1.8),('PSG',0,0,20,100,100,80,60,3.0),('Reims',0,20,60,100,80,40,40,2.2),('Rennes',20,60,80,80,40,20,20,1.6),('Strasbourg',0,0,40,100,100,60,80,3.6),('Toulouse',0,20,40,100,80,60,40,2.6),('Troyes',0,20,40,100,80,60,60,2.8);
/*!40000 ALTER TABLE `home_stats5` ENABLE KEYS */;
UNLOCK TABLES;

--
-- Table structure for table `home_stats5_dataset`
--

DROP TABLE IF EXISTS `home_stats5_dataset`;
/*!40101 SET @saved_cs_client     = @@character_set_client */;
/*!40101 SET character_set_client = utf8 */;
CREATE TABLE `home_stats5_dataset` (
  `mp` tinyint(3) unsigned NOT NULL,
  `date_time` datetime NOT NULL,
  `home_team` varchar(30) NOT NULL,
  `away_team` varchar(30) NOT NULL,
  `ranking` tinyint(3) unsigned NOT NULL,
  `under0_5` tinyint(3) unsigned NOT NULL DEFAULT 0,
  `under1_5` tinyint(3) unsigned NOT NULL DEFAULT 0,
  `under2_5` tinyint(3) unsigned NOT NULL DEFAULT 0,
  `over0_5` tinyint(3) unsigned NOT NULL DEFAULT 0,
  `over1_5` tinyint(3) unsigned NOT NULL DEFAULT 0,
  `over2_5` tinyint(3) unsigned NOT NULL DEFAULT 0,
  `btts` tinyint(3) unsigned NOT NULL DEFAULT 0,
  `mean` decimal(2,1) NOT NULL DEFAULT 0.0,
  `global` tinyint(3) unsigned NOT NULL DEFAULT 0,
  KEY `ind_date_time` (`date_time`)
) ENGINE=InnoDB DEFAULT CHARSET=utf8mb4 COLLATE=utf8mb4_general_ci;
/*!40101 SET character_set_client = @saved_cs_client */;

--
-- Dumping data for table `home_stats5_dataset`
--

LOCK TABLES `home_stats5_dataset` WRITE;
/*!40000 ALTER TABLE `home_stats5_dataset` DISABLE KEYS */;
INSERT INTO `home_stats5_dataset` VALUES (1,'2022-08-05 19:00:00','Lyon','AC Ajaccio',5,0,0,0,0,0,0,0,0.0,3),(1,'2022-08-05 19:00:00','Lyon','AC Ajaccio',2,0,0,0,20,20,20,20,3.0,3),(1,'2022-08-05 19:00:00','Lyon','AC Ajaccio',2,0,0,0,20,20,20,20,3.0,3),(1,'2022-08-06 15:00:00','Strasbourg','Monaco',19,0,0,0,0,0,0,0,0.0,3),(1,'2022-08-06 19:00:00','Clermont','PSG',20,0,0,0,0,0,0,0,0.0,5),(1,'2022-08-07 11:00:00','Toulouse','Nice',13,0,0,0,0,0,0,0,0.0,2),(1,'2022-08-07 13:00:00','Montpellier','Troyes',15,0,0,0,0,0,0,0,0.0,5),(1,'2022-08-07 13:00:00','Lille','Auxerre',17,0,0,0,0,0,0,0,0.0,5),(1,'2022-08-07 13:00:00','Lens','Brest',14,0,0,0,0,0,0,0,0.0,5),(1,'2022-08-07 13:00:00','Angers','Nantes',20,0,0,0,0,0,0,0,0.0,0),(1,'2022-08-07 15:05:00','Rennes','Lorient',17,0,0,0,0,0,0,0,0.0,1),(1,'2022-08-07 18:45:00','Marseille','Reims',20,0,0,0,0,0,0,0,0.0,5),(2,'2022-08-12 19:00:00','Nantes','Lille',19,20,20,20,0,0,0,0,0.0,2),(2,'2022-08-13 15:00:00','Monaco','Rennes',13,0,0,0,20,20,20,20,3.0,2),(2,'2022-08-13 19:00:00','PSG','Montpellier',2,0,0,0,20,20,20,0,5.0,7),(2,'2022-08-14 13:00:00','Auxerre','Angers',8,0,0,0,20,20,20,20,5.0,4),(2,'2022-08-14 13:00:00','AC Ajaccio','Lens',11,0,0,0,20,20,20,20,3.0,0),(2,'2022-08-14 13:00:00','Reims','Clermont',5,0,0,0,20,20,20,20,5.0,6),(2,'2022-08-14 13:00:00','Troyes','Toulouse',6,0,0,0,20,20,20,20,5.0,3),(2,'2022-08-14 15:05:00','Nice','Strasbourg',17,0,0,20,20,20,0,20,2.0,2),(2,'2022-08-14 18:45:00','Brest','Marseille',5,0,0,0,20,20,20,20,5.0,2),(3,'2022-08-19 19:00:00','Lyon','Troyes',7,0,0,0,20,20,20,20,3.0,5),(3,'2022-08-20 15:00:00','Monaco','Lens',12,0,0,20,20,20,0,20,2.0,5),(3,'2022-08-20 19:00:00','Marseille','Nantes',13,0,0,20,20,20,0,20,2.0,3),(3,'2022-08-21 11:00:00','Strasbourg','Reims',15,0,0,20,20,20,0,20,2.0,2),(3,'2022-08-21 13:00:00','Toulouse','Lorient',11,0,0,0,20,20,20,0,3.0,4),(3,'2022-08-21 13:00:00','Angers','Brest',6,0,0,0,20,20,20,20,4.0,4),(3,'2022-08-21 13:00:00','Clermont','Nice',3,0,0,0,20,20,20,20,6.0,1),(3,'2022-08-21 13:00:00','Montpellier','Auxerre',2,0,0,0,20,20,20,20,7.0,3),(3,'2022-08-21 15:05:00','Rennes','AC Ajaccio',16,0,0,20,20,20,0,20,2.0,3),(3,'2022-08-21 18:45:00','Lille','PSG',16,0,0,20,20,20,0,20,2.0,8),(4,'2022-08-26 19:00:00','AC Ajaccio','Lille',11,0,0,0,40,40,40,40,3.0,4),(4,'2022-08-27 15:00:00','Auxerre','Strasbourg',6,0,0,0,40,40,40,40,4.0,1),(4,'2022-08-27 19:00:00','Lens','Rennes',12,20,20,20,20,20,20,20,2.5,3),(4,'2022-08-28 11:00:00','Nantes','Toulouse',19,20,20,20,20,20,20,20,1.5,4),(4,'2022-08-28 13:00:00','Lorient','Clermont',14,0,20,20,40,20,20,20,2.5,3),(4,'2022-08-28 13:00:00','Brest','Montpellier',3,0,0,0,40,40,40,40,4.5,7),(4,'2022-08-28 13:00:00','Troyes','Angers',3,0,0,0,40,40,40,40,5.0,4),(4,'2022-08-28 13:00:00','Nice','Marseille',20,0,20,40,40,20,0,20,1.5,3),(4,'2022-08-28 15:05:00','Reims','Lyon',11,0,0,20,40,40,20,40,3.5,2),(4,'2022-08-28 18:45:00','PSG','Monaco',2,0,0,0,40,40,40,20,6.5,2),(5,'2022-08-31 17:00:00','Strasbourg','Nantes',20,0,20,40,40,20,0,20,1.5,2),(5,'2022-08-31 17:00:00','Montpellier','AC Ajaccio',1,0,0,0,40,40,40,20,7.0,2),(5,'2022-08-31 17:00:00','Lyon','Auxerre',19,0,0,20,20,20,0,20,2.0,3),(5,'2022-08-31 17:00:00','Monaco','Troyes',15,0,0,20,40,40,20,40,2.5,6),(5,'2022-08-31 17:00:00','Angers','Reims',6,0,0,0,40,40,40,40,4.0,6),(5,'2022-08-31 19:00:00','Rennes','Brest',16,0,0,20,40,40,20,40,2.5,4),(5,'2022-08-31 19:00:00','Marseille','Clermont',18,0,0,20,40,40,20,20,2.5,1),(5,'2022-08-31 19:00:00','Toulouse','PSG',9,0,0,0,40,40,40,20,3.5,3),(5,'2022-08-31 19:00:00','Lens','Lorient',6,0,0,0,40,40,40,40,4.0,7),(5,'2022-08-31 19:00:00','Lille','Nice',13,0,0,20,40,40,20,40,3.0,3),(6,'2022-09-03 15:00:00','Auxerre','Marseille',10,0,0,0,60,60,60,60,3.7,2),(6,'2022-09-03 17:00:00','Lyon','Angers',9,0,0,0,60,60,60,60,3.7,5),(6,'2022-09-03 19:00:00','Nantes','PSG',20,20,20,40,40,40,20,40,1.7,3),(6,'2022-09-04 11:00:00','Montpellier','Lille',12,0,0,20,60,60,40,40,3.3,4),(6,'2022-09-04 13:00:00','AC Ajaccio','Lorient',15,0,0,20,60,60,40,40,2.7,1),(6,'2022-09-04 13:00:00','Reims','Lens',4,0,0,20,60,60,40,60,4.3,2),(6,'2022-09-04 13:00:00','Clermont','Toulouse',8,0,20,20,60,40,40,40,3.3,2),(6,'2022-09-04 13:00:00','Brest','Strasbourg',5,0,0,0,60,60,60,60,4.3,2),(6,'2022-09-04 15:05:00','Troyes','Rennes',1,0,0,0,60,60,60,60,5.3,2),(6,'2022-09-04 18:45:00','Nice','Monaco',18,0,20,40,60,40,20,40,2.0,1),(2,'2022-09-07 17:00:00','Lorient','Lyon',8,0,40,40,80,40,40,40,3.3,4),(7,'2022-09-09 19:00:00','Lens','Troyes',13,20,20,40,40,40,20,40,2.3,1),(7,'2022-09-10 15:00:00','PSG','Brest',1,0,0,0,80,80,80,20,4.8,1),(7,'2022-09-10 19:00:00','Marseille','Lille',15,0,0,40,60,60,20,20,2.3,3),(7,'2022-09-11 11:00:00','Strasbourg','Clermont',19,0,20,60,60,40,0,40,1.7,0),(7,'2022-09-11 13:00:00','Toulouse','Reims',11,0,0,20,60,60,40,20,3.0,1),(7,'2022-09-11 13:00:00','Lorient','Nantes',4,0,0,0,40,40,40,40,3.5,5),(7,'2022-09-11 13:00:00','Angers','Montpellier',1,0,0,0,60,60,60,40,4.3,3),(7,'2022-09-11 13:00:00','AC Ajaccio','Nice',20,20,40,40,40,20,20,20,1.7,1),(7,'2022-09-11 15:05:00','Rennes','Auxerre',16,0,0,40,60,60,20,60,2.3,5),(7,'2022-09-11 18:45:00','Monaco','Lyon',17,0,20,40,60,40,20,40,2.0,3),(8,'2022-09-16 19:00:00','Auxerre','Lorient',6,0,0,0,80,80,80,60,4.0,4),(8,'2022-09-17 15:00:00','Montpellier','Strasbourg',1,0,0,0,60,60,60,40,5.7,3),(8,'2022-09-17 19:00:00','Lille','Toulouse',8,0,0,20,80,80,60,80,3.3,3),(8,'2022-09-18 11:00:00','Reims','Monaco',5,0,20,40,80,60,40,60,3.5,3),(8,'2022-09-18 13:00:00','Brest','AC Ajaccio',4,0,20,20,80,60,60,60,3.5,1),(8,'2022-09-18 13:00:00','Clermont','Troyes',15,20,40,40,60,40,40,40,2.5,4),(8,'2022-09-18 13:00:00','Marseille','Rennes',10,0,20,20,80,60,60,60,3.0,2),(8,'2022-09-18 13:00:00','Nice','Angers',20,0,40,60,80,40,20,40,1.8,1),(8,'2022-09-18 15:05:00','Nantes','Lens',15,20,20,40,60,60,40,60,2.5,0),(8,'2022-09-18 18:45:00','Lyon','PSG',10,0,0,20,60,60,40,60,3.0,1),(9,'2022-09-30 19:00:00','Angers','Marseille',4,0,20,20,80,60,60,40,3.5,3),(9,'2022-10-01 15:00:00','Strasbourg','Rennes',18,0,20,60,80,60,20,60,2.0,4),(9,'2022-10-01 19:00:00','PSG','Nice',3,0,20,20,100,80,80,20,4.0,3),(9,'2022-10-02 11:00:00','Lorient','Lille',3,0,40,40,100,60,60,60,3.4,3),(9,'2022-10-02 13:00:00','Troyes','Reims',1,0,20,20,100,80,80,80,4.2,4),(9,'2022-10-02 13:00:00','Auxerre','Brest',12,0,20,40,80,60,40,40,2.8,2),(9,'2022-10-02 13:00:00','AC Ajaccio','Clermont',15,0,20,40,80,60,40,40,2.3,4),(9,'2022-10-02 13:00:00','Toulouse','Montpellier',10,0,0,20,80,80,60,40,3.0,6),(9,'2022-10-02 15:05:00','Monaco','Nantes',15,0,20,40,80,60,40,40,2.3,5),(9,'2022-10-02 18:45:00','Lens','Lyon',20,40,40,60,40,40,20,40,1.8,1),(10,'2022-10-07 19:00:00','Lyon','Toulouse',17,0,20,40,80,60,40,60,2.5,2),(10,'2022-10-08 15:00:00','Marseille','AC Ajaccio',17,0,0,40,80,80,40,20,2.5,3),(10,'2022-10-08 19:00:00','Reims','PSG',4,0,20,40,100,80,60,80,3.6,0),(10,'2022-10-09 11:00:00','Montpellier','Monaco',1,0,0,0,80,80,80,60,5.8,2),(10,'2022-10-09 13:00:00','Clermont','Auxerre',12,20,40,40,80,60,60,60,2.8,3),(10,'2022-10-09 13:00:00','Brest','Lorient',8,0,20,40,100,80,60,80,3.2,3),(10,'2022-10-09 13:00:00','Nice','Troyes',20,0,40,60,100,60,40,60,2.0,5),(10,'2022-10-09 13:00:00','Angers','Strasbourg',7,20,20,20,80,80,80,60,3.2,5),(10,'2022-10-09 15:05:00','Rennes','Nantes',14,0,0,60,100,100,40,100,2.6,3),(10,'2022-10-09 18:45:00','Lille','Lens',8,0,0,20,100,100,80,100,3.2,1),(11,'2022-10-14 19:00:00','Strasbourg','Lille',15,0,20,60,100,80,40,80,2.6,3),(11,'2022-10-15 15:00:00','Lorient','Reims',3,0,20,20,100,80,80,80,3.8,0),(11,'2022-10-15 19:00:00','Lens','Montpellier',20,40,60,80,60,40,20,40,1.6,1),(11,'2022-10-16 11:00:00','Toulouse','Angers',13,0,0,40,100,100,60,60,2.8,5),(11,'2022-10-16 13:00:00','Auxerre','Nice',3,0,0,0,100,100,100,80,3.8,2),(11,'2022-10-16 13:00:00','Troyes','AC Ajaccio',2,0,20,20,100,80,80,80,4.2,2),(11,'2022-10-16 13:00:00','Nantes','Brest',4,0,0,20,100,100,80,80,3.6,5),(11,'2022-10-16 13:00:00','Rennes','Lyon',7,0,20,20,100,80,80,40,3.2,5),(11,'2022-10-16 15:05:00','Monaco','Clermont',17,0,20,60,100,80,40,40,2.2,2),(11,'2022-10-16 18:45:00','PSG','Marseille',8,20,40,40,80,60,60,20,3.0,1),(12,'2022-10-21 19:00:00','AC Ajaccio','PSG',15,0,20,60,100,80,40,60,2.2,3),(12,'2022-10-22 15:00:00','Montpellier','Lyon',1,0,20,20,100,80,80,60,4.8,3),(12,'2022-10-22 19:00:00','Marseille','Lens',15,0,20,60,100,80,40,20,2.2,1),(12,'2022-10-23 11:00:00','Angers','Rennes',4,0,20,20,100,80,80,60,3.8,3),(12,'2022-10-23 13:00:00','Toulouse','Strasbourg',3,0,20,20,100,80,80,60,3.8,4),(12,'2022-10-23 13:00:00','Troyes','Lorient',8,0,0,40,100,100,60,80,3.0,4),(12,'2022-10-23 13:00:00','Reims','Auxerre',13,20,40,60,80,60,40,60,2.6,3),(12,'2022-10-23 13:00:00','Clermont','Brest',15,20,40,60,80,60,40,60,2.0,4),(12,'2022-10-23 15:05:00','Nice','Nantes',19,0,40,60,100,60,40,60,2.0,2),(12,'2022-10-23 18:45:00','Lille','Monaco',7,0,0,0,100,100,100,80,3.4,7),(13,'2022-10-28 19:00:00','Lens','Toulouse',20,20,60,80,80,40,20,40,1.8,3),(13,'2022-10-29 15:00:00','PSG','Troyes',19,20,40,40,80,60,60,0,2.0,7),(13,'2022-10-29 19:00:00','Strasbourg','Marseille',9,0,20,40,100,80,60,80,3.0,4),(13,'2022-10-30 12:00:00','Auxerre','AC Ajaccio',6,0,0,0,100,100,100,80,3.4,1),(13,'2022-10-30 14:00:00','Nantes','Clermont',5,0,0,40,100,100,60,80,3.4,2),(13,'2022-10-30 14:00:00','Brest','Reims',6,0,20,40,100,80,60,80,3.2,0),(13,'2022-10-30 14:00:00','Monaco','Angers',6,0,20,60,100,80,40,40,3.0,2),(13,'2022-10-30 14:00:00','Rennes','Montpellier',9,0,0,40,100,100,60,100,2.8,3),(13,'2022-10-30 16:05:00','Lorient','Nice',5,0,20,20,100,80,80,80,3.8,3),(13,'2022-10-30 19:45:00','Lyon','Lille',7,0,20,20,100,80,80,80,3.2,1),(14,'2022-11-04 20:00:00','Troyes','Auxerre',1,0,20,20,100,80,80,80,4.6,2),(14,'2022-11-05 16:00:00','AC Ajaccio','Strasbourg',19,0,40,80,100,60,20,40,1.8,6),(14,'2022-11-05 20:00:00','Angers','Lens',5,0,20,40,100,80,60,40,3.4,3),(14,'2022-11-06 12:00:00','Lorient','PSG',7,20,20,20,80,80,80,80,3.0,3),(14,'2022-11-06 14:00:00','Reims','Nantes',17,40,60,60,60,40,40,40,2.2,1),(14,'2022-11-06 14:00:00','Clermont','Montpellier',18,20,40,80,80,60,20,60,1.8,2),(14,'2022-11-06 14:00:00','Nice','Brest',16,0,20,40,100,80,60,80,2.4,1),(14,'2022-11-06 14:00:00','Toulouse','Monaco',11,0,0,40,100,100,60,60,2.8,2),(14,'2022-11-06 16:05:00','Lille','Rennes',12,0,20,20,100,80,80,60,2.8,2),(14,'2022-11-06 19:45:00','Marseille','Lyon',14,0,20,40,100,80,60,20,2.6,1),(15,'2022-11-11 20:00:00','Lyon','Nice',14,0,40,40,100,60,60,60,2.6,2),(15,'2022-11-12 16:00:00','Lens','Clermont',20,20,60,80,80,40,20,40,1.4,3),(15,'2022-11-12 20:00:00','Rennes','Toulouse',12,0,0,60,100,100,40,100,2.6,3),(15,'2022-11-13 12:00:00','PSG','Auxerre',18,20,40,40,80,60,60,20,2.0,5),(15,'2022-11-13 14:00:00','Montpellier','Reims',9,0,20,40,100,80,60,60,3.0,2),(15,'2022-11-13 14:00:00','Lille','Angers',6,0,20,40,100,80,60,80,3.2,1),(15,'2022-11-13 14:00:00','Brest','Troyes',14,0,40,60,100,60,40,60,2.6,3),(15,'2022-11-13 14:00:00','Nantes','AC Ajaccio',6,0,20,40,100,80,60,60,3.2,4),(15,'2022-11-13 16:05:00','Strasbourg','Lorient',1,0,0,20,100,100,80,100,4.0,2),(15,'2022-11-13 19:45:00','Monaco','Marseille',5,0,20,60,100,80,40,20,3.0,5),(16,'2022-12-28 14:00:00','AC Ajaccio','Angers',14,0,40,60,100,60,40,60,2.2,1),(16,'2022-12-28 14:00:00','Troyes','Nantes',1,0,20,20,100,80,80,80,4.0,0),(16,'2022-12-28 16:00:00','Auxerre','Monaco',2,0,0,20,100,100,80,60,3.6,5),(16,'2022-12-28 18:00:00','Clermont','Lille',13,20,20,60,80,80,40,80,2.2,2),(16,'2022-12-28 20:00:00','PSG','Strasbourg',3,0,40,40,100,60,60,40,3.4,3),(16,'2022-12-28 20:00:00','Brest','Lyon',18,20,40,60,80,60,40,60,1.8,6),(16,'2022-12-29 16:00:00','Lorient','Montpellier',9,0,20,40,100,80,60,80,2.8,2),(16,'2022-12-29 18:00:00','Reims','Rennes',20,40,60,80,60,40,20,40,1.4,4),(16,'2022-12-29 20:00:00','Marseille','Toulouse',7,0,20,40,100,80,60,40,3.0,7),(16,'2022-12-29 20:00:00','Nice','Lens',16,0,20,60,100,80,40,80,2.2,0),(17,'2023-01-01 14:00:00','Monaco','Brest',2,0,0,40,100,100,60,40,3.8,1),(17,'2023-01-01 14:00:00','Nantes','Auxerre',15,20,40,60,80,60,40,40,2.2,1),(17,'2023-01-01 14:00:00','Toulouse','AC Ajaccio',3,0,0,20,100,100,80,80,3.6,2),(17,'2023-01-01 14:00:00','Angers','Lorient',18,0,60,80,100,40,20,20,2.0,3),(17,'2023-01-01 16:00:00','Lyon','Clermont',6,0,40,40,100,60,60,60,3.2,1),(17,'2023-01-01 19:45:00','Lens','PSG',20,40,80,80,60,20,20,20,1.0,4),(17,'2023-01-02 14:00:00','Strasbourg','Troyes',1,0,0,0,100,100,100,100,4.2,5),(17,'2023-01-02 16:00:00','Lille','Reims',13,0,20,40,100,80,60,40,2.4,2),(17,'2023-01-02 18:00:00','Montpellier','Marseille',10,0,20,60,100,80,40,40,2.8,3),(17,'2023-01-02 20:00:00','Rennes','Nice',8,0,0,40,100,100,60,100,3.0,3),(18,'2023-01-11 18:00:00','AC Ajaccio','Reims',17,0,20,60,100,80,40,60,2.4,1),(18,'2023-01-11 18:00:00','Clermont','Rennes',15,0,20,60,100,80,40,80,2.4,3),(18,'2023-01-11 18:00:00','Auxerre','Toulouse',11,0,20,40,100,80,60,60,2.8,5),(18,'2023-01-11 18:00:00','Nantes','Lyon',16,20,40,60,80,60,40,60,2.4,0),(18,'2023-01-11 18:00:00','Brest','Lille',15,0,40,60,100,60,40,60,2.6,0),(18,'2023-01-11 20:00:00','Lorient','Monaco',5,0,0,20,100,100,80,100,3.2,4),(18,'2023-01-11 20:00:00','PSG','Angers',18,20,40,40,80,60,60,40,2.2,2),(18,'2023-01-11 20:00:00','Nice','Montpellier',12,0,0,40,100,100,60,100,2.6,7),(18,'2023-01-11 20:00:00','Strasbourg','Lens',4,0,0,20,100,100,80,80,3.6,4),(18,'2023-01-11 20:00:00','Troyes','Marseille',1,0,0,0,100,100,100,100,4.8,2),(19,'2023-01-14 16:00:00','Lens','Auxerre',19,20,60,60,80,40,40,40,1.8,1),(19,'2023-01-14 18:00:00','Marseille','Lorient',9,0,20,40,100,80,60,60,3.0,4),(19,'2023-01-14 20:00:00','Lyon','Strasbourg',9,20,40,40,80,60,60,60,3.0,3),(19,'2023-01-15 12:00:00','Lille','Troyes',18,20,40,60,80,60,40,20,1.8,6),(19,'2023-01-15 14:00:00','Reims','Nice',20,40,60,100,60,40,0,40,1.0,0),(19,'2023-01-15 14:00:00','Toulouse','Brest',3,0,0,20,100,100,80,60,4.0,2),(19,'2023-01-15 14:00:00','Montpellier','Nantes',11,0,20,60,100,80,40,40,3.0,3),(19,'2023-01-15 14:00:00','Angers','Clermont',16,0,40,80,100,60,20,20,2.2,3),(19,'2023-01-15 16:05:00','Monaco','AC Ajaccio',3,0,0,40,100,100,60,60,4.0,8),(19,'2023-01-15 19:45:00','Rennes','PSG',9,0,0,20,100,100,80,100,3.2,1),(20,'2023-01-27 20:00:00','Lorient','Rennes',7,0,0,20,100,100,80,100,3.2,3),(20,'2023-01-28 16:00:00','Troyes','Lens',1,0,0,0,100,100,100,100,5.2,2),(20,'2023-01-28 20:00:00','Marseille','Monaco',6,0,40,40,100,60,60,60,3.2,2),(20,'2023-01-29 12:00:00','Nice','Lille',15,20,20,60,80,80,40,80,2.0,1),(20,'2023-01-29 14:00:00','Auxerre','Montpellier',11,0,40,60,100,60,40,40,2.4,2),(20,'2023-01-29 14:00:00','Clermont','Nantes',14,0,20,60,100,80,40,80,2.2,0),(20,'2023-01-29 14:00:00','Brest','Angers',11,0,40,60,100,60,40,60,2.6,4),(20,'2023-01-29 14:00:00','Strasbourg','Toulouse',1,0,0,0,100,100,100,100,4.2,3),(20,'2023-01-29 16:05:00','AC Ajaccio','Lyon',4,0,20,60,100,80,40,60,3.4,2),(20,'2023-01-29 19:45:00','PSG','Reims',13,20,40,40,80,60,60,40,2.2,2),(21,'2023-02-01 18:00:00','Reims','Lorient',19,20,40,100,80,60,0,60,1.4,6),(21,'2023-02-01 18:00:00','Toulouse','Troyes',1,0,0,0,100,100,100,60,4.2,5),(21,'2023-02-01 18:00:00','Angers','AC Ajaccio',17,0,40,80,100,60,20,0,2.0,3),(21,'2023-02-01 18:00:00','Nantes','Marseille',20,40,60,80,60,40,20,20,1.2,2),(21,'2023-02-01 18:00:00','Lille','Clermont',20,20,60,80,80,40,20,0,1.4,0),(21,'2023-02-01 20:00:00','Rennes','Strasbourg',10,0,0,20,100,100,80,100,3.0,3),(21,'2023-02-01 20:00:00','Monaco','Auxerre',2,0,0,40,100,100,60,80,4.0,5),(21,'2023-02-01 20:00:00','Lyon','Brest',15,20,40,60,80,60,40,40,2.4,0),(21,'2023-02-01 20:00:00','Lens','Nice',16,20,40,60,80,60,40,60,2.0,1),(21,'2023-02-01 20:00:00','Montpellier','PSG',8,0,0,60,100,100,40,40,3.2,4),(22,'2023-02-04 16:00:00','PSG','Toulouse',8,0,20,20,100,80,80,60,3.0,3),(22,'2023-02-04 18:00:00','Troyes','Lyon',1,0,0,0,100,100,100,100,5.2,4),(22,'2023-02-04 20:00:00','Rennes','Lille',13,0,20,20,100,80,80,40,2.6,4),(22,'2023-02-05 12:00:00','Clermont','Monaco',18,20,40,60,80,60,40,60,1.8,2),(22,'2023-02-05 14:00:00','Auxerre','Reims',12,0,40,60,100,60,40,40,2.8,0),(22,'2023-02-05 14:00:00','AC Ajaccio','Nantes',4,0,20,40,100,80,60,60,3.6,2),(22,'2023-02-05 14:00:00','Lorient','Angers',3,0,0,20,100,100,80,100,3.8,0),(22,'2023-02-05 14:00:00','Strasbourg','Montpellier',2,0,0,0,100,100,100,80,3.8,2),(22,'2023-02-05 16:05:00','Brest','Lens',18,20,60,80,80,40,20,40,1.6,2),(22,'2023-02-05 19:45:00','Marseille','Nice',3,0,0,40,100,100,60,60,3.2,4),(23,'2023-02-10 20:00:00','Nice','AC Ajaccio',14,20,40,60,80,60,40,60,2.0,3),(23,'2023-02-11 16:00:00','Monaco','PSG',5,0,0,60,100,100,40,60,3.0,4),(23,'2023-02-11 20:00:00','Clermont','Marseille',16,20,20,80,80,80,20,40,1.8,2),(23,'2023-02-12 12:00:00','Toulouse','Rennes',2,0,0,0,100,100,100,80,4.2,4),(23,'2023-02-12 14:00:00','Lille','Strasbourg',17,20,60,80,80,40,20,20,1.6,2),(23,'2023-02-12 14:00:00','Montpellier','Brest',8,0,0,80,100,100,20,40,3.0,3),(23,'2023-02-12 14:00:00','Reims','Troyes',18,20,40,100,80,60,0,60,1.4,4),(23,'2023-02-12 14:00:00','Angers','Auxerre',18,20,60,80,80,40,20,0,1.6,2),(23,'2023-02-12 16:05:00','Nantes','Lorient',20,40,60,80,60,40,20,0,1.2,1),(23,'2023-02-12 19:45:00','Lyon','Lens',14,20,40,60,80,60,40,40,2.6,3),(24,'2023-02-17 20:00:00','Auxerre','Lyon',13,0,40,60,100,60,40,40,2.8,3),(24,'2023-02-18 16:00:00','Nice','Reims',15,20,60,60,80,40,40,20,2.4,0),(24,'2023-02-18 20:00:00','Strasbourg','Angers',4,0,0,20,100,100,80,60,3.4,3),(24,'2023-02-19 12:00:00','PSG','Lille',5,0,20,20,100,80,80,80,3.2,7),(24,'2023-02-19 14:00:00','Brest','Monaco',19,20,60,80,80,40,20,20,1.4,3),(24,'2023-02-19 14:00:00','Lorient','AC Ajaccio',6,0,20,40,100,80,60,80,3.2,3),(24,'2023-02-19 14:00:00','Rennes','Clermont',6,0,0,20,100,100,80,100,3.2,2),(24,'2023-02-19 14:00:00','Troyes','Montpellier',1,0,0,0,100,100,100,80,4.6,1),(24,'2023-02-19 16:05:00','Lens','Nantes',15,20,20,60,80,80,40,80,2.2,4),(24,'2023-02-19 19:45:00','Toulouse','Marseille',8,0,0,60,100,100,40,60,3.0,5),(25,'2023-02-24 20:00:00','Lille','Brest',9,20,40,60,80,60,40,40,2.8,3),(25,'2023-02-25 16:00:00','Angers','Lyon',15,20,40,60,80,60,40,20,2.0,4),(25,'2023-02-25 20:00:00','Montpellier','Lens',9,0,20,80,100,80,20,20,2.8,2),(25,'2023-02-26 12:00:00','Lorient','Auxerre',14,20,20,40,80,80,60,40,2.4,1),(25,'2023-02-26 14:00:00','Clermont','Strasbourg',19,20,40,60,80,60,40,40,1.8,2),(25,'2023-02-26 14:00:00','AC Ajaccio','Troyes',1,0,0,20,100,100,80,40,3.8,3),(25,'2023-02-26 14:00:00','Nantes','Rennes',17,40,40,60,60,60,40,20,1.8,1),(25,'2023-02-26 14:00:00','Reims','Toulouse',19,40,60,100,60,40,0,40,1.0,3),(25,'2023-02-26 16:05:00','Monaco','Nice',5,0,0,40,100,100,60,80,3.2,3),(25,'2023-02-26 19:45:00','Marseille','PSG',9,0,0,60,100,100,40,40,2.8,3),(26,'2023-03-03 20:00:00','Nice','Auxerre',14,20,40,40,80,60,60,40,2.2,2),(26,'2023-03-04 16:00:00','Lens','Lille',14,0,0,60,100,100,40,100,2.6,2),(26,'2023-03-04 20:00:00','PSG','Nantes',6,0,20,20,100,80,80,60,3.2,6),(26,'2023-03-05 12:00:00','Troyes','Monaco',1,0,0,0,100,100,100,80,4.6,4),(26,'2023-03-05 14:00:00','Strasbourg','Brest',13,0,0,40,100,100,60,60,2.6,1),(26,'2023-03-05 14:00:00','Reims','AC Ajaccio',4,20,20,20,80,80,80,40,3.4,1),(26,'2023-03-05 14:00:00','Toulouse','Clermont',1,0,0,0,100,100,100,60,4.2,1),(26,'2023-03-05 14:00:00','Montpellier','Angers',9,0,0,20,100,100,80,60,3.0,5),(26,'2023-03-05 16:05:00','Lyon','Lorient',13,20,20,40,80,80,60,60,2.6,0),(26,'2023-03-05 19:45:00','Rennes','Marseille',8,0,20,20,100,80,80,80,3.0,1),(27,'2023-03-10 20:00:00','Lille','Lyon',7,20,40,60,80,60,40,60,2.8,6),(27,'2023-03-11 16:00:00','Auxerre','Rennes',18,0,40,80,100,60,20,60,2.2,0),(27,'2023-03-11 20:00:00','Brest','PSG',19,20,40,60,80,60,40,40,1.8,3),(27,'2023-03-12 12:00:00','Clermont','Lens',20,20,60,80,80,40,20,20,1.4,4),(27,'2023-03-12 14:00:00','AC Ajaccio','Montpellier',2,0,20,20,100,80,80,40,3.6,1),(27,'2023-03-12 14:00:00','Nantes','Nice',5,20,20,40,80,80,60,40,3.0,4),(27,'2023-03-12 14:00:00','Lorient','Troyes',8,20,40,40,80,60,60,60,2.8,2),(27,'2023-03-12 14:00:00','Angers','Toulouse',8,20,20,40,80,80,60,20,2.8,2),(27,'2023-03-12 16:05:00','Monaco','Reims',5,0,0,40,100,100,60,80,3.0,1),(27,'2023-03-12 19:45:00','Marseille','Strasbourg',13,0,20,80,100,80,20,20,2.4,4),(28,'2023-03-17 20:00:00','Lyon','Nantes',3,0,0,20,100,100,80,80,3.8,2),(28,'2023-03-18 16:00:00','Toulouse','Lille',5,0,0,20,100,100,80,40,3.2,2),(28,'2023-03-18 20:00:00','Lens','Angers',10,0,0,60,100,100,40,80,2.6,3),(28,'2023-03-19 12:00:00','AC Ajaccio','Monaco',18,0,40,80,100,60,20,20,1.8,2),(28,'2023-03-19 14:00:00','Troyes','Brest',1,0,0,20,100,100,80,60,4.0,4),(28,'2023-03-19 14:00:00','Strasbourg','Auxerre',7,0,0,40,100,100,60,60,2.8,2),(28,'2023-03-19 14:00:00','Nice','Lorient',10,20,40,40,80,60,60,40,2.4,2),(28,'2023-03-19 14:00:00','Montpellier','Clermont',10,0,40,80,100,60,20,20,2.6,3),(28,'2023-03-19 16:05:00','PSG','Rennes',7,0,20,20,100,80,80,60,3.0,2),(28,'2023-03-19 19:45:00','Reims','Marseille',20,40,80,100,60,20,0,20,0.8,3),(29,'2023-03-31 19:00:00','Marseille','Montpellier',11,0,20,60,100,80,40,40,2.6,2),(29,'2023-04-01 15:00:00','Auxerre','Troyes',11,0,20,80,100,80,20,60,2.4,1),(29,'2023-04-01 19:00:00','Rennes','Lens',15,20,40,60,80,60,40,40,2.0,1),(29,'2023-04-02 11:00:00','Lille','Lorient',4,0,20,60,100,80,40,60,3.2,4),(29,'2023-04-02 13:00:00','Clermont','AC Ajaccio',16,20,40,60,80,60,40,40,1.8,3),(29,'2023-04-02 13:00:00','Brest','Toulouse',15,20,40,40,80,60,60,40,2.2,4),(29,'2023-04-02 13:00:00','Angers','Nice',7,20,20,20,80,80,80,20,3.0,2),(29,'2023-04-02 13:00:00','Nantes','Reims',8,20,20,60,80,80,40,60,2.8,3),(29,'2023-04-02 15:05:00','Monaco','Strasbourg',12,0,0,60,100,100,40,60,2.6,7),(29,'2023-04-02 18:45:00','PSG','Lyon',1,0,0,40,100,100,60,80,4.0,1),(30,'2023-04-07 19:00:00','Lens','Strasbourg',15,0,20,60,100,80,40,60,2.4,3),(30,'2023-04-08 15:00:00','Angers','Lille',11,0,0,60,100,100,40,80,2.6,1),(30,'2023-04-08 19:00:00','Nice','PSG',10,0,20,40,100,80,60,60,2.8,2),(30,'2023-04-09 11:00:00','Lyon','Rennes',2,0,20,20,100,80,80,80,3.6,4),(30,'2023-04-09 13:00:00','Troyes','Clermont',6,0,20,40,100,80,60,40,3.0,2),(30,'2023-04-09 13:00:00','Reims','Brest',19,40,60,80,60,40,20,20,1.2,2),(30,'2023-04-09 13:00:00','Montpellier','Toulouse',18,0,40,100,100,60,0,20,1.6,3),(30,'2023-04-09 13:00:00','AC Ajaccio','Auxerre',13,0,20,20,100,80,80,40,2.6,3),(30,'2023-04-09 15:05:00','Nantes','Monaco',14,0,40,60,100,60,40,20,2.2,4),(30,'2023-04-09 18:45:00','Lorient','Marseille',13,20,40,60,80,60,40,60,2.6,0),(31,'2023-04-14 19:00:00','Toulouse','Lyon',7,0,0,20,100,100,80,60,3.0,3),(31,'2023-04-15 15:00:00','Rennes','Reims',14,20,40,60,80,60,40,40,2.2,3),(31,'2023-04-15 19:00:00','PSG','Lens',4,0,0,20,100,100,80,60,3.2,4),(31,'2023-04-16 11:00:00','Lille','Montpellier',5,0,20,60,100,80,40,60,3.2,3),(31,'2023-04-16 13:00:00','Strasbourg','AC Ajaccio',3,0,0,40,100,100,60,80,3.6,4),(31,'2023-04-16 13:00:00','Clermont','Angers',18,20,40,80,80,60,20,20,1.6,3),(31,'2023-04-16 13:00:00','Brest','Nice',11,0,20,40,100,80,60,60,2.6,1),(31,'2023-04-16 13:00:00','Auxerre','Nantes',17,0,20,80,100,80,20,40,2.0,3),(31,'2023-04-16 15:05:00','Monaco','Lorient',6,0,0,40,100,100,60,60,3.0,4),(31,'2023-04-16 18:45:00','Marseille','Troyes',17,20,40,60,80,60,40,40,2.2,4),(32,'2023-04-21 19:00:00','Angers','PSG',12,20,20,20,80,80,80,40,2.8,3),(32,'2023-04-22 15:00:00','Auxerre','Lille',19,40,60,60,60,40,40,40,1.4,2),(32,'2023-04-22 19:00:00','Lens','Monaco',7,0,20,40,100,80,60,60,2.8,3),(32,'2023-04-23 11:00:00','Reims','Strasbourg',20,40,60,60,60,40,40,0,1.4,2),(32,'2023-04-23 13:00:00','Nice','Clermont',11,0,20,40,100,80,60,60,2.8,3),(32,'2023-04-23 13:00:00','Nantes','Troyes',4,0,0,40,100,100,60,80,3.4,4),(32,'2023-04-23 13:00:00','Lorient','Toulouse',14,20,40,60,80,60,40,60,2.2,1),(32,'2023-04-23 13:00:00','AC Ajaccio','Brest',8,0,20,20,100,80,80,40,2.8,0),(32,'2023-04-23 15:05:00','Montpellier','Rennes',18,0,40,80,100,60,20,40,1.8,1),(32,'2023-04-23 18:45:00','Lyon','Marseille',3,0,20,20,100,80,80,80,3.4,3);
/*!40000 ALTER TABLE `home_stats5_dataset` ENABLE KEYS */;
UNLOCK TABLES;

--
-- Table structure for table `home_stats_dataset`
--

DROP TABLE IF EXISTS `home_stats_dataset`;
/*!40101 SET @saved_cs_client     = @@character_set_client */;
/*!40101 SET character_set_client = utf8 */;
CREATE TABLE `home_stats_dataset` (
  `mp` tinyint(3) unsigned NOT NULL,
  `date_time` datetime NOT NULL,
  `home_team` varchar(30) NOT NULL,
  `away_team` varchar(30) NOT NULL,
  `ranking` tinyint(3) unsigned NOT NULL,
  `under0_5` tinyint(3) unsigned NOT NULL DEFAULT 0,
  `under1_5` tinyint(3) unsigned NOT NULL DEFAULT 0,
  `under2_5` tinyint(3) unsigned NOT NULL DEFAULT 0,
  `over0_5` tinyint(3) unsigned NOT NULL DEFAULT 0,
  `over1_5` tinyint(3) unsigned NOT NULL DEFAULT 0,
  `over2_5` tinyint(3) unsigned NOT NULL DEFAULT 0,
  `btts` tinyint(3) unsigned NOT NULL DEFAULT 0,
  `mean` decimal(2,1) NOT NULL DEFAULT 0.0,
  `global` tinyint(3) unsigned NOT NULL DEFAULT 0,
  KEY `ind_date_time` (`date_time`)
) ENGINE=InnoDB DEFAULT CHARSET=utf8mb4 COLLATE=utf8mb4_general_ci;
/*!40101 SET character_set_client = @saved_cs_client */;

--
-- Dumping data for table `home_stats_dataset`
--

LOCK TABLES `home_stats_dataset` WRITE;
/*!40000 ALTER TABLE `home_stats_dataset` DISABLE KEYS */;
INSERT INTO `home_stats_dataset` VALUES (1,'2022-08-05 19:00:00','Lyon','AC Ajaccio',5,0,0,0,0,0,0,0,0.0,3),(1,'2022-08-05 19:00:00','Lyon','AC Ajaccio',1,0,0,0,100,100,100,100,3.0,3),(1,'2022-08-05 19:00:00','Lyon','AC Ajaccio',1,0,0,0,100,100,100,100,3.0,3),(1,'2022-08-06 15:00:00','Strasbourg','Monaco',19,0,0,0,0,0,0,0,0.0,3),(1,'2022-08-06 19:00:00','Clermont','PSG',20,0,0,0,0,0,0,0,0.0,5),(1,'2022-08-07 11:00:00','Toulouse','Nice',12,0,0,0,0,0,0,0,0.0,2),(1,'2022-08-07 13:00:00','Montpellier','Troyes',13,0,0,0,0,0,0,0,0.0,5),(1,'2022-08-07 13:00:00','Lille','Auxerre',15,0,0,0,0,0,0,0,0.0,5),(1,'2022-08-07 13:00:00','Lens','Brest',8,0,0,0,0,0,0,0,0.0,5),(1,'2022-08-07 13:00:00','Angers','Nantes',17,0,0,0,0,0,0,0,0.0,0),(1,'2022-08-07 15:05:00','Rennes','Lorient',12,0,0,0,0,0,0,0,0.0,1),(1,'2022-08-07 18:45:00','Marseille','Reims',18,0,0,0,0,0,0,0,0.0,5),(2,'2022-08-12 19:00:00','Nantes','Lille',10,0,0,0,0,0,0,0,0.0,2),(2,'2022-08-13 15:00:00','Monaco','Rennes',18,0,0,0,0,0,0,0,0.0,2),(2,'2022-08-13 19:00:00','PSG','Montpellier',12,0,0,0,0,0,0,0,0.0,7),(2,'2022-08-14 13:00:00','Auxerre','Angers',19,0,0,0,0,0,0,0,0.0,4),(2,'2022-08-14 13:00:00','AC Ajaccio','Lens',15,0,0,0,0,0,0,0,0.0,0),(2,'2022-08-14 13:00:00','Reims','Clermont',17,0,0,0,0,0,0,0,0.0,6),(2,'2022-08-14 13:00:00','Troyes','Toulouse',17,0,0,0,0,0,0,0,0.0,3),(2,'2022-08-14 15:05:00','Nice','Strasbourg',20,0,0,0,0,0,0,0,0.0,2),(2,'2022-08-14 18:45:00','Brest','Marseille',18,0,0,0,0,0,0,0,0.0,2),(3,'2022-08-19 19:00:00','Lyon','Troyes',9,0,0,0,100,100,100,100,3.0,5),(3,'2022-08-20 15:00:00','Monaco','Lens',12,0,0,100,100,100,0,100,2.0,5),(3,'2022-08-20 19:00:00','Marseille','Nantes',3,0,0,0,100,100,100,100,5.0,3),(3,'2022-08-21 11:00:00','Strasbourg','Reims',11,0,0,0,100,100,100,100,3.0,2),(3,'2022-08-21 13:00:00','Toulouse','Lorient',13,0,0,100,100,100,0,100,2.0,4),(3,'2022-08-21 13:00:00','Angers','Brest',18,100,100,100,0,0,0,0,0.0,4),(3,'2022-08-21 13:00:00','Clermont','Nice',5,0,0,0,100,100,100,0,5.0,1),(3,'2022-08-21 13:00:00','Montpellier','Auxerre',4,0,0,0,100,100,100,100,5.0,3),(3,'2022-08-21 15:05:00','Rennes','AC Ajaccio',18,0,100,100,100,0,0,0,1.0,3),(3,'2022-08-21 18:45:00','Lille','PSG',3,0,0,0,100,100,100,100,5.0,8),(4,'2022-08-26 19:00:00','AC Ajaccio','Lille',20,100,100,100,0,0,0,0,0.0,4),(4,'2022-08-27 15:00:00','Auxerre','Strasbourg',7,0,0,0,100,100,100,100,4.0,1),(4,'2022-08-27 19:00:00','Lens','Rennes',4,0,0,0,100,100,100,100,5.0,3),(4,'2022-08-28 11:00:00','Nantes','Toulouse',16,0,0,100,100,100,0,100,2.0,4),(4,'2022-08-28 13:00:00','Lorient','Clermont',20,0,0,0,0,0,0,0,0.0,3),(4,'2022-08-28 13:00:00','Brest','Montpellier',17,0,0,100,100,100,0,100,2.0,7),(4,'2022-08-28 13:00:00','Troyes','Angers',10,0,0,0,100,100,100,0,3.0,4),(4,'2022-08-28 13:00:00','Nice','Marseille',20,0,0,100,100,100,0,100,2.0,3),(4,'2022-08-28 15:05:00','Reims','Lyon',3,0,0,0,100,100,100,100,6.0,2),(4,'2022-08-28 18:45:00','PSG','Monaco',1,0,0,0,100,100,100,100,7.0,2),(5,'2022-08-31 17:00:00','Strasbourg','Nantes',15,0,0,50,100,100,50,100,2.5,2),(5,'2022-08-31 17:00:00','Montpellier','AC Ajaccio',6,0,0,0,100,100,100,100,4.0,2),(5,'2022-08-31 17:00:00','Lyon','Auxerre',7,0,0,0,100,100,100,100,4.0,3),(5,'2022-08-31 17:00:00','Monaco','Troyes',8,0,0,50,100,100,50,100,3.5,6),(5,'2022-08-31 17:00:00','Angers','Reims',18,50,50,50,50,50,50,50,2.0,6),(5,'2022-08-31 19:00:00','Rennes','Brest',20,0,50,50,100,50,50,50,2.0,4),(5,'2022-08-31 19:00:00','Marseille','Clermont',7,0,0,0,100,100,100,100,4.0,1),(5,'2022-08-31 19:00:00','Toulouse','PSG',15,0,0,50,100,100,50,100,3.0,3),(5,'2022-08-31 19:00:00','Lens','Lorient',6,0,0,0,100,100,100,100,4.0,7),(5,'2022-08-31 19:00:00','Lille','Nice',1,0,0,0,100,100,100,100,6.5,3),(6,'2022-09-03 15:00:00','Auxerre','Marseille',18,0,50,50,100,50,50,50,2.5,2),(6,'2022-09-03 17:00:00','Lyon','Angers',7,0,0,0,100,100,100,100,3.7,5),(6,'2022-09-03 19:00:00','Nantes','PSG',12,0,0,50,100,100,50,100,3.0,3),(6,'2022-09-04 11:00:00','Montpellier','Lille',10,0,0,33,100,100,67,67,3.3,4),(6,'2022-09-04 13:00:00','AC Ajaccio','Lorient',20,50,50,50,50,50,50,50,2.0,1),(6,'2022-09-04 13:00:00','Reims','Lens',6,0,0,50,100,100,50,100,4.0,2),(6,'2022-09-04 13:00:00','Clermont','Toulouse',11,0,50,50,100,50,50,0,3.0,2),(6,'2022-09-04 13:00:00','Brest','Strasbourg',3,0,0,50,100,100,50,50,4.5,2),(6,'2022-09-04 15:05:00','Troyes','Rennes',7,0,0,0,100,100,100,50,3.5,2),(6,'2022-09-04 18:45:00','Nice','Monaco',17,0,0,50,100,100,50,50,2.5,1),(2,'2022-09-07 17:00:00','Lorient','Lyon',12,0,0,0,100,100,100,100,3.0,4),(7,'2022-09-09 19:00:00','Lens','Troyes',2,0,0,0,100,100,100,100,5.0,1),(7,'2022-09-10 15:00:00','PSG','Brest',2,0,0,50,100,100,50,100,4.5,1),(7,'2022-09-10 19:00:00','Marseille','Lille',13,0,33,33,100,67,67,67,3.0,3),(7,'2022-09-11 11:00:00','Strasbourg','Clermont',17,0,0,67,100,100,33,100,2.3,0),(7,'2022-09-11 13:00:00','Toulouse','Reims',12,0,0,33,100,100,67,67,3.0,1),(7,'2022-09-11 13:00:00','Lorient','Nantes',6,0,0,0,100,100,100,100,3.5,5),(7,'2022-09-11 13:00:00','Angers','Montpellier',9,33,33,33,67,67,67,67,3.3,3),(7,'2022-09-11 13:00:00','AC Ajaccio','Nice',20,33,67,67,67,33,33,33,1.7,1),(7,'2022-09-11 15:05:00','Rennes','Auxerre',15,0,33,33,100,67,67,67,2.7,5),(7,'2022-09-11 18:45:00','Monaco','Lyon',2,0,0,33,100,100,67,100,4.3,3),(8,'2022-09-16 19:00:00','Auxerre','Lorient',17,0,33,67,100,67,33,33,2.3,4),(8,'2022-09-17 15:00:00','Montpellier','Strasbourg',7,0,0,25,100,100,75,75,3.5,3),(8,'2022-09-17 19:00:00','Lille','Toulouse',1,0,0,0,100,100,100,100,5.3,3),(8,'2022-09-18 11:00:00','Reims','Monaco',8,0,0,67,100,100,33,100,3.3,3),(8,'2022-09-18 13:00:00','Brest','AC Ajaccio',6,0,0,67,100,100,33,67,3.7,1),(8,'2022-09-18 13:00:00','Clermont','Troyes',16,0,33,67,100,67,33,0,2.7,4),(8,'2022-09-18 13:00:00','Marseille','Rennes',11,0,25,25,100,75,75,75,3.0,2),(8,'2022-09-18 13:00:00','Nice','Angers',18,0,33,67,100,67,33,33,2.0,1),(8,'2022-09-18 15:05:00','Nantes','Lens',14,0,0,33,100,100,67,67,3.0,0),(8,'2022-09-18 18:45:00','Lyon','PSG',3,0,0,0,100,100,100,75,4.0,1),(9,'2022-09-30 19:00:00','Angers','Marseille',9,25,25,25,75,75,75,75,3.3,3),(9,'2022-10-01 15:00:00','Strasbourg','Rennes',19,25,25,75,75,75,25,75,1.8,4),(9,'2022-10-01 19:00:00','PSG','Nice',9,0,33,67,100,67,33,67,3.3,3),(9,'2022-10-02 11:00:00','Lorient','Lille',2,0,0,0,100,100,100,100,4.0,3),(9,'2022-10-02 13:00:00','Troyes','Reims',13,0,0,33,100,100,67,67,3.0,4),(9,'2022-10-02 13:00:00','Auxerre','Brest',15,0,25,50,100,75,50,50,2.8,2),(9,'2022-10-02 13:00:00','AC Ajaccio','Clermont',20,25,75,75,75,25,25,25,1.5,4),(9,'2022-10-02 13:00:00','Toulouse','Montpellier',16,0,25,50,100,75,50,50,2.5,6),(9,'2022-10-02 15:05:00','Monaco','Nantes',2,0,0,25,100,100,75,100,4.0,5),(9,'2022-10-02 18:45:00','Lens','Lyon',3,0,25,25,100,75,75,75,4.0,1),(10,'2022-10-07 19:00:00','Lyon','Toulouse',6,0,20,20,100,80,80,60,3.4,2),(10,'2022-10-08 15:00:00','Marseille','AC Ajaccio',15,0,20,40,100,80,60,80,2.8,3),(10,'2022-10-08 19:00:00','Reims','PSG',6,0,0,50,100,100,50,75,3.3,0),(10,'2022-10-09 11:00:00','Montpellier','Monaco',5,0,0,20,100,100,80,80,3.4,2),(10,'2022-10-09 13:00:00','Clermont','Auxerre',13,0,25,50,100,75,50,25,3.0,3),(10,'2022-10-09 13:00:00','Brest','Lorient',13,0,25,75,100,75,25,50,3.0,3),(10,'2022-10-09 13:00:00','Nice','Troyes',20,0,50,75,100,50,25,25,1.8,5),(10,'2022-10-09 13:00:00','Angers','Strasbourg',11,20,20,20,80,80,80,60,3.2,5),(10,'2022-10-09 15:05:00','Rennes','Nantes',8,0,25,25,100,75,75,50,3.3,3),(10,'2022-10-09 18:45:00','Lille','Lens',1,0,0,0,100,100,100,100,4.8,1),(11,'2022-10-14 19:00:00','Strasbourg','Lille',19,20,20,60,80,80,40,80,2.2,3),(11,'2022-10-15 15:00:00','Lorient','Reims',3,0,0,0,100,100,100,100,3.8,0),(11,'2022-10-15 19:00:00','Lens','Montpellier',4,0,40,40,100,60,60,60,3.4,1),(11,'2022-10-16 11:00:00','Toulouse','Angers',7,0,20,40,100,80,60,60,3.2,5),(11,'2022-10-16 13:00:00','Auxerre','Nice',15,0,20,60,100,80,40,60,2.6,2),(11,'2022-10-16 13:00:00','Troyes','AC Ajaccio',6,0,0,25,100,100,75,75,3.3,2),(11,'2022-10-16 13:00:00','Nantes','Brest',19,25,25,50,75,75,50,50,2.3,5),(11,'2022-10-16 13:00:00','Rennes','Lyon',7,0,20,20,100,80,80,40,3.2,5),(11,'2022-10-16 15:05:00','Monaco','Clermont',1,0,0,20,100,100,80,100,4.2,2),(11,'2022-10-16 18:45:00','PSG','Marseille',6,0,25,50,100,75,50,75,3.3,1),(12,'2022-10-21 19:00:00','AC Ajaccio','PSG',20,20,60,60,80,40,40,40,2.0,3),(12,'2022-10-22 15:00:00','Montpellier','Lyon',7,0,0,33,100,100,67,67,3.2,3),(12,'2022-10-22 19:00:00','Marseille','Lens',14,0,17,33,100,83,67,83,2.8,1),(12,'2022-10-23 11:00:00','Angers','Rennes',5,17,17,17,83,83,83,67,3.5,3),(12,'2022-10-23 13:00:00','Toulouse','Strasbourg',4,0,17,33,100,83,67,67,3.5,4),(12,'2022-10-23 13:00:00','Troyes','Lorient',9,0,0,40,100,100,60,80,3.0,4),(12,'2022-10-23 13:00:00','Reims','Auxerre',15,20,20,60,80,80,40,60,2.6,3),(12,'2022-10-23 13:00:00','Clermont','Brest',9,0,20,40,100,80,60,40,3.0,4),(12,'2022-10-23 15:05:00','Nice','Nantes',18,0,40,60,100,60,40,40,2.4,2),(12,'2022-10-23 18:45:00','Lille','Monaco',1,0,20,20,100,80,80,80,4.0,7),(13,'2022-10-28 19:00:00','Lens','Toulouse',11,0,50,50,100,50,50,50,3.0,3),(13,'2022-10-29 15:00:00','PSG','Troyes',14,0,40,60,100,60,40,60,2.8,7),(13,'2022-10-29 19:00:00','Strasbourg','Marseille',18,17,17,50,83,83,50,67,2.3,4),(13,'2022-10-30 12:00:00','Auxerre','AC Ajaccio',18,0,17,67,100,83,33,67,2.5,1),(13,'2022-10-30 14:00:00','Nantes','Clermont',14,20,20,40,80,80,60,60,2.8,2),(13,'2022-10-30 14:00:00','Brest','Reims',11,0,20,60,100,80,40,60,3.0,0),(13,'2022-10-30 14:00:00','Monaco','Angers',2,0,0,33,100,100,67,100,3.8,2),(13,'2022-10-30 14:00:00','Rennes','Montpellier',5,0,17,17,100,83,83,50,3.5,3),(13,'2022-10-30 16:05:00','Lorient','Nice',12,20,20,20,80,80,80,80,3.0,3),(13,'2022-10-30 19:45:00','Lyon','Lille',7,0,17,33,100,83,67,67,3.2,1),(14,'2022-11-04 20:00:00','Troyes','Auxerre',7,0,0,33,100,100,67,83,3.2,2),(14,'2022-11-05 16:00:00','AC Ajaccio','Strasbourg',20,17,50,50,83,50,50,33,2.2,6),(14,'2022-11-05 20:00:00','Angers','Lens',6,14,14,14,86,86,86,71,3.4,3),(14,'2022-11-06 12:00:00','Lorient','PSG',9,17,17,17,83,83,83,83,3.0,3),(14,'2022-11-06 14:00:00','Reims','Nantes',14,17,17,50,83,83,50,67,2.7,1),(14,'2022-11-06 14:00:00','Clermont','Montpellier',7,0,17,33,100,83,67,50,3.2,2),(14,'2022-11-06 14:00:00','Nice','Brest',20,0,33,67,100,67,33,50,2.3,1),(14,'2022-11-06 14:00:00','Toulouse','Monaco',2,0,14,29,100,86,71,71,3.6,2),(14,'2022-11-06 16:05:00','Lille','Rennes',1,0,17,17,100,83,83,83,4.5,2),(14,'2022-11-06 19:45:00','Marseille','Lyon',15,0,29,43,100,71,57,71,2.6,1),(15,'2022-11-11 20:00:00','Lyon','Nice',12,0,29,43,100,71,57,57,2.9,2),(15,'2022-11-12 16:00:00','Lens','Clermont',11,0,43,43,100,57,57,43,3.0,3),(15,'2022-11-12 20:00:00','Rennes','Toulouse',4,0,14,14,100,86,86,43,3.4,3),(15,'2022-11-13 12:00:00','PSG','Auxerre',3,0,33,50,100,67,50,67,3.5,5),(15,'2022-11-13 14:00:00','Montpellier','Reims',7,0,0,29,100,100,71,71,3.1,2),(15,'2022-11-13 14:00:00','Lille','Angers',1,0,14,29,100,86,71,86,4.1,1),(15,'2022-11-13 14:00:00','Brest','Troyes',16,17,33,67,83,67,33,50,2.5,3),(15,'2022-11-13 14:00:00','Nantes','AC Ajaccio',14,17,17,50,83,83,50,67,2.7,4),(15,'2022-11-13 16:05:00','Strasbourg','Lorient',15,14,14,43,86,86,57,71,2.6,2),(15,'2022-11-13 19:45:00','Monaco','Marseille',3,0,0,43,100,100,57,86,3.6,5),(16,'2022-12-28 14:00:00','AC Ajaccio','Angers',14,14,43,43,86,57,57,43,2.7,1),(16,'2022-12-28 14:00:00','Troyes','Nantes',10,0,0,43,100,100,57,86,3.0,0),(16,'2022-12-28 16:00:00','Auxerre','Monaco',19,0,29,71,100,71,29,57,2.3,5),(16,'2022-12-28 18:00:00','Clermont','Lille',9,0,14,43,100,86,57,57,3.0,2),(16,'2022-12-28 20:00:00','PSG','Strasbourg',3,0,29,43,100,71,57,57,3.7,3),(16,'2022-12-28 20:00:00','Brest','Lyon',14,14,29,57,86,71,43,57,2.6,6),(16,'2022-12-29 16:00:00','Lorient','Montpellier',7,14,14,14,86,86,86,86,3.0,2),(16,'2022-12-29 18:00:00','Reims','Rennes',19,14,29,57,86,71,43,57,2.4,4),(16,'2022-12-29 20:00:00','Marseille','Toulouse',19,0,38,50,100,63,50,63,2.4,7),(16,'2022-12-29 20:00:00','Nice','Lens',20,0,43,71,100,57,29,43,2.1,0),(17,'2023-01-01 14:00:00','Monaco','Brest',1,0,0,38,100,100,63,88,3.8,1),(17,'2023-01-01 14:00:00','Nantes','Auxerre',10,14,14,43,86,86,57,71,2.9,1),(17,'2023-01-01 14:00:00','Toulouse','AC Ajaccio',5,0,13,38,100,88,63,63,3.4,2),(17,'2023-01-01 14:00:00','Angers','Lorient',5,13,13,13,88,88,88,75,3.4,3),(17,'2023-01-01 16:00:00','Lyon','Clermont',13,0,25,50,100,75,50,63,2.8,1),(17,'2023-01-01 19:45:00','Lens','PSG',8,0,38,38,100,63,63,50,3.0,4),(17,'2023-01-02 14:00:00','Strasbourg','Troyes',18,13,13,50,88,88,50,75,2.5,5),(17,'2023-01-02 16:00:00','Lille','Reims',1,0,25,38,100,75,63,75,3.8,2),(17,'2023-01-02 18:00:00','Montpellier','Marseille',9,0,0,38,100,100,63,75,3.0,3),(17,'2023-01-02 20:00:00','Rennes','Nice',4,0,13,13,100,88,88,50,3.4,3),(18,'2023-01-11 18:00:00','AC Ajaccio','Reims',19,13,50,50,88,50,50,38,2.5,1),(18,'2023-01-11 18:00:00','Clermont','Rennes',10,0,13,50,100,88,50,50,2.9,3),(18,'2023-01-11 18:00:00','Auxerre','Toulouse',18,0,25,63,100,75,38,63,2.6,5),(18,'2023-01-11 18:00:00','Nantes','Lyon',18,13,25,50,88,75,50,63,2.6,0),(18,'2023-01-11 18:00:00','Brest','Lille',8,13,25,50,88,75,50,63,3.0,0),(18,'2023-01-11 20:00:00','Lorient','Monaco',9,13,13,25,88,88,75,75,2.9,4),(18,'2023-01-11 20:00:00','PSG','Angers',2,0,25,38,100,75,63,63,3.6,2),(18,'2023-01-11 20:00:00','Nice','Montpellier',20,13,50,75,88,50,25,38,1.9,7),(18,'2023-01-11 20:00:00','Strasbourg','Lens',13,11,11,44,89,89,56,78,2.8,4),(18,'2023-01-11 20:00:00','Troyes','Marseille',17,13,13,50,88,88,50,75,2.6,2),(19,'2023-01-14 16:00:00','Lens','Auxerre',7,0,33,33,100,67,67,56,3.1,1),(19,'2023-01-14 18:00:00','Marseille','Lorient',11,0,33,44,100,67,56,67,2.9,4),(19,'2023-01-14 20:00:00','Lyon','Strasbourg',16,0,33,56,100,67,44,56,2.6,3),(19,'2023-01-15 12:00:00','Lille','Troyes',1,0,22,44,100,78,56,78,3.6,6),(19,'2023-01-15 14:00:00','Reims','Nice',15,13,25,50,88,75,50,63,2.6,0),(19,'2023-01-15 14:00:00','Toulouse','Brest',6,0,11,44,100,89,56,56,3.2,2),(19,'2023-01-15 14:00:00','Montpellier','Nantes',9,0,0,33,100,100,67,78,3.0,3),(19,'2023-01-15 14:00:00','Angers','Clermont',4,11,11,11,89,89,89,78,3.3,3),(19,'2023-01-15 16:05:00','Monaco','AC Ajaccio',2,0,11,44,100,89,56,78,3.4,8),(19,'2023-01-15 19:45:00','Rennes','PSG',5,0,11,11,100,89,89,56,3.3,1),(20,'2023-01-27 20:00:00','Lorient','Rennes',7,11,11,22,89,89,78,78,3.0,3),(20,'2023-01-28 16:00:00','Troyes','Lens',16,11,11,56,89,89,44,67,2.6,2),(20,'2023-01-28 20:00:00','Marseille','Monaco',8,0,30,40,100,70,60,70,3.0,2),(20,'2023-01-29 12:00:00','Nice','Lille',17,11,44,67,89,56,33,44,2.4,1),(20,'2023-01-29 14:00:00','Auxerre','Montpellier',12,0,22,56,100,78,44,56,2.9,2),(20,'2023-01-29 14:00:00','Clermont','Nantes',12,0,11,44,100,89,56,56,2.9,0),(20,'2023-01-29 14:00:00','Brest','Angers',13,22,33,56,78,67,44,56,2.7,4),(20,'2023-01-29 14:00:00','Strasbourg','Toulouse',9,10,10,40,90,90,60,80,2.9,3),(20,'2023-01-29 16:05:00','AC Ajaccio','Lyon',20,11,56,56,89,44,44,33,2.3,2),(20,'2023-01-29 19:45:00','PSG','Reims',3,0,22,44,100,78,56,56,3.4,2),(21,'2023-02-01 18:00:00','Reims','Lorient',18,22,33,56,78,67,44,56,2.3,6),(21,'2023-02-01 18:00:00','Toulouse','Troyes',6,0,10,50,100,90,50,60,3.1,5),(21,'2023-02-01 18:00:00','Angers','AC Ajaccio',3,10,10,10,90,90,90,80,3.3,3),(21,'2023-02-01 18:00:00','Nantes','Marseille',19,22,33,56,78,67,44,56,2.3,2),(21,'2023-02-01 18:00:00','Lille','Clermont',2,0,20,40,100,80,60,80,3.8,0),(21,'2023-02-01 20:00:00','Rennes','Strasbourg',6,0,20,20,100,80,80,50,3.1,3),(21,'2023-02-01 20:00:00','Monaco','Auxerre',1,0,10,40,100,90,60,80,3.9,5),(21,'2023-02-01 20:00:00','Lyon','Brest',15,0,30,50,100,70,50,60,2.6,0),(21,'2023-02-01 20:00:00','Lens','Nice',10,0,40,40,100,60,60,50,2.9,1),(21,'2023-02-01 20:00:00','Montpellier','PSG',8,0,0,30,100,100,70,70,3.0,4),(22,'2023-02-04 16:00:00','PSG','Toulouse',4,0,20,50,100,80,50,60,3.3,3),(22,'2023-02-04 18:00:00','Troyes','Lyon',16,10,10,60,90,90,40,70,2.5,4),(22,'2023-02-04 20:00:00','Rennes','Lille',6,0,18,18,100,82,82,45,3.1,4),(22,'2023-02-05 12:00:00','Clermont','Monaco',16,10,20,50,90,80,50,50,2.6,2),(22,'2023-02-05 14:00:00','Auxerre','Reims',12,0,20,60,100,80,40,50,2.8,0),(22,'2023-02-05 14:00:00','AC Ajaccio','Nantes',20,10,50,60,90,50,40,30,2.3,2),(22,'2023-02-05 14:00:00','Lorient','Angers',8,10,10,20,90,90,80,80,3.0,0),(22,'2023-02-05 14:00:00','Strasbourg','Montpellier',8,9,9,36,91,91,64,82,2.9,2),(22,'2023-02-05 16:05:00','Brest','Lens',10,20,30,50,80,70,50,50,2.8,2),(22,'2023-02-05 19:45:00','Marseille','Nice',8,0,27,45,100,73,55,73,2.9,4),(23,'2023-02-10 20:00:00','Nice','AC Ajaccio',18,10,50,70,90,50,30,40,2.3,3),(23,'2023-02-11 16:00:00','Monaco','PSG',1,0,9,36,100,91,64,82,4.0,4),(23,'2023-02-11 20:00:00','Clermont','Marseille',16,9,18,55,91,82,45,45,2.5,2),(23,'2023-02-12 12:00:00','Toulouse','Rennes',5,0,9,45,100,91,55,64,3.3,4),(23,'2023-02-12 14:00:00','Lille','Strasbourg',2,9,27,45,91,73,55,73,3.5,2),(23,'2023-02-12 14:00:00','Montpellier','Brest',7,0,0,27,100,100,73,73,3.1,3),(23,'2023-02-12 14:00:00','Reims','Troyes',10,20,30,50,80,70,50,60,2.7,4),(23,'2023-02-12 14:00:00','Angers','Auxerre',3,9,9,9,91,91,91,82,3.3,2),(23,'2023-02-12 16:05:00','Nantes','Lorient',19,20,30,60,80,70,40,50,2.3,1),(23,'2023-02-12 19:45:00','Lyon','Lens',18,9,36,55,91,64,45,55,2.4,3),(24,'2023-02-17 20:00:00','Auxerre','Lyon',15,9,27,64,91,73,36,45,2.5,3),(24,'2023-02-18 16:00:00','Nice','Reims',17,9,45,64,91,55,36,36,2.4,0),(24,'2023-02-18 20:00:00','Strasbourg','Angers',10,8,8,42,92,92,58,75,2.8,3),(24,'2023-02-19 12:00:00','PSG','Lille',3,0,18,45,100,82,55,64,3.3,7),(24,'2023-02-19 14:00:00','Brest','Monaco',11,18,27,55,82,73,45,55,2.7,3),(24,'2023-02-19 14:00:00','Lorient','AC Ajaccio',13,18,18,27,82,82,73,73,2.7,3),(24,'2023-02-19 14:00:00','Rennes','Clermont',6,0,17,17,100,83,83,50,3.2,2),(24,'2023-02-19 14:00:00','Troyes','Montpellier',14,9,9,55,91,91,45,73,2.6,1),(24,'2023-02-19 16:05:00','Lens','Nantes',13,0,45,45,100,55,55,45,2.7,4),(24,'2023-02-19 19:45:00','Toulouse','Marseille',4,0,8,42,100,92,58,67,3.3,5),(25,'2023-02-24 20:00:00','Lille','Brest',4,8,25,50,92,75,50,67,3.3,3),(25,'2023-02-25 16:00:00','Angers','Lyon',5,8,8,17,92,92,83,83,3.2,4),(25,'2023-02-25 20:00:00','Montpellier','Lens',7,0,0,25,100,100,75,67,3.1,2),(25,'2023-02-26 12:00:00','Lorient','Auxerre',13,17,17,25,83,83,75,67,2.8,1),(25,'2023-02-26 14:00:00','Clermont','Strasbourg',16,8,17,58,92,83,42,42,2.5,2),(25,'2023-02-26 14:00:00','AC Ajaccio','Troyes',18,9,45,64,91,55,36,27,2.3,3),(25,'2023-02-26 14:00:00','Nantes','Rennes',20,18,36,64,82,64,36,45,2.2,1),(25,'2023-02-26 14:00:00','Reims','Toulouse',9,18,27,45,82,73,55,55,2.8,3),(25,'2023-02-26 16:05:00','Monaco','Nice',1,0,8,33,100,92,67,83,4.0,3),(25,'2023-02-26 19:45:00','Marseille','PSG',7,0,25,42,100,75,58,75,3.0,3),(26,'2023-03-03 20:00:00','Nice','Auxerre',19,17,50,67,83,50,33,33,2.2,2),(26,'2023-03-04 16:00:00','Lens','Lille',12,0,42,42,100,58,58,50,2.8,2),(26,'2023-03-04 20:00:00','PSG','Nantes',2,0,17,42,100,83,58,67,3.6,6),(26,'2023-03-05 12:00:00','Troyes','Monaco',15,8,17,58,92,83,42,67,2.5,4),(26,'2023-03-05 14:00:00','Strasbourg','Brest',10,8,8,38,92,92,62,77,2.8,1),(26,'2023-03-05 14:00:00','Reims','AC Ajaccio',9,17,25,42,83,75,58,50,2.8,1),(26,'2023-03-05 14:00:00','Toulouse','Clermont',3,0,8,38,100,92,62,69,3.5,1),(26,'2023-03-05 14:00:00','Montpellier','Angers',8,0,0,31,100,100,69,69,3.0,5),(26,'2023-03-05 16:05:00','Lyon','Lorient',17,8,33,50,92,67,50,58,2.4,0),(26,'2023-03-05 19:45:00','Rennes','Marseille',6,0,15,23,100,85,77,46,3.1,1),(27,'2023-03-10 20:00:00','Lille','Lyon',3,8,23,46,92,77,54,69,3.3,6),(27,'2023-03-11 16:00:00','Auxerre','Rennes',15,8,25,58,92,75,42,50,2.6,0),(27,'2023-03-11 20:00:00','Brest','PSG',9,17,25,50,83,75,50,58,2.8,3),(27,'2023-03-12 12:00:00','Clermont','Lens',15,8,15,62,92,85,38,46,2.5,4),(27,'2023-03-12 14:00:00','AC Ajaccio','Montpellier',17,8,42,58,92,58,42,33,2.3,1),(27,'2023-03-12 14:00:00','Nantes','Nice',20,17,42,67,83,58,33,42,2.1,4),(27,'2023-03-12 14:00:00','Lorient','Troyes',14,15,23,31,85,77,69,62,2.6,2),(27,'2023-03-12 14:00:00','Angers','Toulouse',5,8,8,15,92,92,85,85,3.2,2),(27,'2023-03-12 16:05:00','Monaco','Reims',1,0,8,31,100,92,69,77,3.9,1),(27,'2023-03-12 19:45:00','Marseille','Strasbourg',7,0,23,38,100,77,62,69,3.0,4),(28,'2023-03-17 20:00:00','Lyon','Nantes',18,15,38,54,85,62,46,54,2.2,2),(28,'2023-03-18 16:00:00','Toulouse','Lille',4,0,14,43,100,86,57,64,3.3,2),(28,'2023-03-18 20:00:00','Lens','Angers',10,0,38,46,100,62,54,54,2.8,3),(28,'2023-03-19 12:00:00','AC Ajaccio','Monaco',20,8,46,62,92,54,38,31,2.2,2),(28,'2023-03-19 14:00:00','Troyes','Brest',13,8,15,54,92,85,46,69,2.6,4),(28,'2023-03-19 14:00:00','Strasbourg','Auxerre',12,7,14,43,93,86,57,71,2.7,2),(28,'2023-03-19 14:00:00','Nice','Lorient',17,15,46,69,85,54,31,38,2.2,2),(28,'2023-03-19 14:00:00','Montpellier','Clermont',7,0,0,29,100,100,71,64,3.1,3),(28,'2023-03-19 16:05:00','PSG','Rennes',1,0,15,38,100,85,62,69,3.8,2),(28,'2023-03-19 19:45:00','Reims','Marseille',11,15,31,46,85,69,54,46,2.7,3),(29,'2023-03-31 19:00:00','Marseille','Montpellier',6,0,21,36,100,79,64,71,3.1,2),(29,'2023-04-01 15:00:00','Auxerre','Troyes',16,15,31,62,85,69,38,46,2.4,1),(29,'2023-04-01 19:00:00','Rennes','Lens',8,0,21,29,100,79,71,43,2.9,1),(29,'2023-04-02 11:00:00','Lille','Lorient',3,7,21,43,93,79,57,71,3.5,4),(29,'2023-04-02 13:00:00','Clermont','AC Ajaccio',15,7,14,57,93,86,43,43,2.6,3),(29,'2023-04-02 13:00:00','Brest','Toulouse',8,15,23,46,85,77,54,62,2.8,4),(29,'2023-04-02 13:00:00','Angers','Nice',6,7,7,21,93,93,79,79,3.1,2),(29,'2023-04-02 13:00:00','Nantes','Reims',18,15,38,62,85,62,38,46,2.2,3),(29,'2023-04-02 15:05:00','Monaco','Strasbourg',1,0,14,36,100,86,64,71,3.7,7),(29,'2023-04-02 18:45:00','PSG','Lyon',2,0,14,43,100,86,57,64,3.6,1),(30,'2023-04-07 19:00:00','Lens','Strasbourg',9,0,36,43,100,64,57,50,2.8,3),(30,'2023-04-08 15:00:00','Angers','Lille',5,7,7,27,93,93,73,80,3.1,1),(30,'2023-04-08 19:00:00','Nice','PSG',20,14,43,71,86,57,29,43,2.1,2),(30,'2023-04-09 11:00:00','Lyon','Rennes',18,14,36,57,86,64,43,57,2.2,4),(30,'2023-04-09 13:00:00','Troyes','Clermont',13,7,14,50,93,86,50,71,2.7,2),(30,'2023-04-09 13:00:00','Reims','Brest',11,14,29,43,86,71,57,50,2.7,2),(30,'2023-04-09 13:00:00','Montpellier','Toulouse',5,0,0,27,100,100,73,67,3.1,3),(30,'2023-04-09 13:00:00','AC Ajaccio','Auxerre',19,7,43,64,93,57,36,29,2.2,3),(30,'2023-04-09 15:05:00','Nantes','Monaco',17,14,36,57,86,64,43,43,2.3,4),(30,'2023-04-09 18:45:00','Lorient','Marseille',14,14,21,36,86,79,64,57,2.6,0),(31,'2023-04-14 19:00:00','Toulouse','Lyon',4,0,13,47,100,87,53,60,3.2,3),(31,'2023-04-15 15:00:00','Rennes','Reims',10,0,27,33,100,73,67,40,2.8,3),(31,'2023-04-15 19:00:00','PSG','Lens',3,0,20,47,100,80,53,60,3.5,4),(31,'2023-04-16 11:00:00','Lille','Montpellier',3,7,20,40,93,80,60,73,3.5,3),(31,'2023-04-16 13:00:00','Strasbourg','AC Ajaccio',12,7,13,47,93,87,53,67,2.7,4),(31,'2023-04-16 13:00:00','Clermont','Angers',14,7,13,53,93,87,47,47,2.6,3),(31,'2023-04-16 13:00:00','Brest','Nice',8,14,21,43,86,79,57,64,2.9,1),(31,'2023-04-16 13:00:00','Auxerre','Nantes',18,14,36,64,86,64,36,43,2.3,3),(31,'2023-04-16 15:05:00','Monaco','Lorient',1,0,13,33,100,87,67,73,3.9,4),(31,'2023-04-16 18:45:00','Marseille','Troyes',6,0,20,40,100,80,60,73,3.0,4),(32,'2023-04-21 19:00:00','Angers','PSG',7,6,13,31,94,88,69,75,2.9,3),(32,'2023-04-22 15:00:00','Auxerre','Lille',18,13,33,60,87,67,40,47,2.3,2),(32,'2023-04-22 19:00:00','Lens','Monaco',8,0,33,40,100,67,60,53,2.8,3),(32,'2023-04-23 11:00:00','Reims','Strasbourg',11,13,27,47,87,73,53,53,2.7,2),(32,'2023-04-23 13:00:00','Nice','Clermont',20,13,40,73,87,60,27,40,2.1,3),(32,'2023-04-23 13:00:00','Nantes','Troyes',16,13,33,53,87,67,47,47,2.4,4),(32,'2023-04-23 13:00:00','Lorient','Toulouse',16,20,27,40,80,73,60,53,2.4,1),(32,'2023-04-23 13:00:00','AC Ajaccio','Brest',17,7,40,60,93,60,40,27,2.3,0),(32,'2023-04-23 15:05:00','Montpellier','Rennes',6,0,0,25,100,100,75,69,3.1,1),(32,'2023-04-23 18:45:00','Lyon','Marseille',18,13,33,53,87,67,47,60,2.3,3);
/*!40000 ALTER TABLE `home_stats_dataset` ENABLE KEYS */;
UNLOCK TABLES;

--
-- Table structure for table `overall_stats`
--

DROP TABLE IF EXISTS `overall_stats`;
/*!40101 SET @saved_cs_client     = @@character_set_client */;
/*!40101 SET character_set_client = utf8 */;
CREATE TABLE `overall_stats` (
  `team` varchar(30) NOT NULL,
  `under0_5` tinyint(3) unsigned NOT NULL DEFAULT 0,
  `under1_5` tinyint(3) unsigned NOT NULL DEFAULT 0,
  `under2_5` tinyint(3) unsigned NOT NULL DEFAULT 0,
  `over0_5` tinyint(3) unsigned NOT NULL DEFAULT 0,
  `over1_5` tinyint(3) unsigned NOT NULL DEFAULT 0,
  `over2_5` tinyint(3) unsigned NOT NULL DEFAULT 0,
  `btts` tinyint(3) unsigned NOT NULL DEFAULT 0,
  `mean` decimal(2,1) NOT NULL DEFAULT 0.0,
  PRIMARY KEY (`team`)
) ENGINE=InnoDB DEFAULT CHARSET=utf8mb4 COLLATE=utf8mb4_general_ci;
/*!40101 SET character_set_client = @saved_cs_client */;

--
-- Dumping data for table `overall_stats`
--

LOCK TABLES `overall_stats` WRITE;
/*!40000 ALTER TABLE `overall_stats` DISABLE KEYS */;
INSERT INTO `overall_stats` VALUES ('AC Ajaccio',6,31,50,94,69,50,41,2.5),('Angers',6,19,34,94,81,66,56,2.9),('Auxerre',6,25,53,94,75,47,53,2.6),('Brest',13,31,50,88,69,50,59,2.6),('Clermont',9,22,53,91,78,47,53,2.4),('Lens',9,34,50,91,66,50,53,2.5),('Lille',6,22,47,94,78,53,66,3.0),('Lorient',13,28,41,88,72,59,63,2.7),('Lyon',9,28,44,91,72,56,66,2.7),('Marseille',3,19,44,97,81,56,59,2.8),('Monaco',0,9,38,100,91,63,66,3.5),('Montpellier',0,13,41,100,88,59,56,3.1),('Nantes',16,28,50,84,72,50,53,2.5),('Nice',9,34,63,91,66,38,53,2.2),('PSG',3,19,34,97,81,66,53,3.3),('Reims',19,34,59,81,66,41,47,2.3),('Rennes',3,22,41,97,78,59,56,2.7),('Strasbourg',3,9,41,97,91,59,72,3.0),('Toulouse',0,9,34,100,91,66,59,3.2),('Troyes',3,13,34,97,88,66,72,3.4);
/*!40000 ALTER TABLE `overall_stats` ENABLE KEYS */;
UNLOCK TABLES;
/*!50003 SET @saved_cs_client      = @@character_set_client */ ;
/*!50003 SET @saved_cs_results     = @@character_set_results */ ;
/*!50003 SET @saved_col_connection = @@collation_connection */ ;
/*!50003 SET character_set_client  = utf8mb3 */ ;
/*!50003 SET character_set_results = utf8mb3 */ ;
/*!50003 SET collation_connection  = utf8mb3_general_ci */ ;
/*!50003 SET @saved_sql_mode       = @@sql_mode */ ;
/*!50003 SET sql_mode              = 'STRICT_TRANS_TABLES,ERROR_FOR_DIVISION_BY_ZERO,NO_AUTO_CREATE_USER,NO_ENGINE_SUBSTITUTION' */ ;
DELIMITER ;;
/*!50003 CREATE*/ /*!50017 DEFINER=`hh`@`localhost`*/ /*!50003 TRIGGER afterInsert__results__teams AFTER INSERT ON overall_stats FOR EACH ROW
BEGIN
INSERT INTO home_stats (team)
VALUES (NEW.team);
INSERT INTO home_stats5 (team)
VALUES (NEW.team);
INSERT INTO away_stats (team)
VALUES (NEW.team);
INSERT INTO away_stats5 (team)
VALUES (NEW.team);
INSERT INTO overall_stats5 (team)
VALUES (NEW.team);
END */;;
DELIMITER ;
/*!50003 SET sql_mode              = @saved_sql_mode */ ;
/*!50003 SET character_set_client  = @saved_cs_client */ ;
/*!50003 SET character_set_results = @saved_cs_results */ ;
/*!50003 SET collation_connection  = @saved_col_connection */ ;

--
-- Table structure for table `overall_stats5`
--

DROP TABLE IF EXISTS `overall_stats5`;
/*!40101 SET @saved_cs_client     = @@character_set_client */;
/*!40101 SET character_set_client = utf8 */;
CREATE TABLE `overall_stats5` (
  `team` varchar(30) NOT NULL,
  `under0_5` tinyint(3) unsigned NOT NULL DEFAULT 0,
  `under1_5` tinyint(3) unsigned NOT NULL DEFAULT 0,
  `under2_5` tinyint(3) unsigned NOT NULL DEFAULT 0,
  `over0_5` tinyint(3) unsigned NOT NULL DEFAULT 0,
  `over1_5` tinyint(3) unsigned NOT NULL DEFAULT 0,
  `over2_5` tinyint(3) unsigned NOT NULL DEFAULT 0,
  `btts` tinyint(3) unsigned NOT NULL DEFAULT 0,
  `mean` decimal(2,1) NOT NULL DEFAULT 0.0,
  PRIMARY KEY (`team`),
  CONSTRAINT `fk__overall_stats5__overall_stats` FOREIGN KEY (`team`) REFERENCES `overall_stats` (`team`) ON DELETE CASCADE ON UPDATE CASCADE
) ENGINE=InnoDB DEFAULT CHARSET=utf8mb4 COLLATE=utf8mb4_general_ci;
/*!40101 SET character_set_client = @saved_cs_client */;

--
-- Dumping data for table `overall_stats5`
--

LOCK TABLES `overall_stats5` WRITE;
/*!40000 ALTER TABLE `overall_stats5` DISABLE KEYS */;
INSERT INTO `overall_stats5` VALUES ('AC Ajaccio',20,20,40,80,80,60,40,2.4),('Angers',0,20,40,100,80,60,60,2.4),('Auxerre',0,20,60,100,80,40,40,2.2),('Brest',20,40,60,80,60,40,60,2.2),('Clermont',0,0,20,100,100,80,80,2.8),('Lens',0,20,20,100,80,80,40,2.8),('Lille',0,20,60,100,80,40,60,2.4),('Lorient',20,40,60,80,60,40,60,2.2),('Lyon',0,20,40,100,80,60,80,2.6),('Marseille',20,20,40,80,80,60,80,2.4),('Monaco',0,0,20,100,100,80,60,4.0),('Montpellier',0,20,40,100,80,60,80,2.4),('Nantes',0,0,20,100,100,80,80,3.2),('Nice',0,20,80,100,80,20,60,2.0),('PSG',0,20,60,100,80,40,40,2.4),('Reims',0,0,40,100,100,60,40,2.6),('Rennes',0,40,60,100,60,40,20,2.2),('Strasbourg',0,0,40,100,100,60,60,3.6),('Toulouse',0,20,40,100,80,60,60,2.6),('Troyes',0,20,40,100,80,60,60,3.0);
/*!40000 ALTER TABLE `overall_stats5` ENABLE KEYS */;
UNLOCK TABLES;

--
-- Table structure for table `overall_stats5_dataset`
--

DROP TABLE IF EXISTS `overall_stats5_dataset`;
/*!40101 SET @saved_cs_client     = @@character_set_client */;
/*!40101 SET character_set_client = utf8 */;
CREATE TABLE `overall_stats5_dataset` (
  `mp` tinyint(3) unsigned NOT NULL,
  `date_time` datetime NOT NULL,
  `home_team` varchar(30) NOT NULL,
  `away_team` varchar(30) NOT NULL,
  `ranking_ht` tinyint(3) unsigned NOT NULL,
  `under0_5_ht` tinyint(3) unsigned NOT NULL DEFAULT 0,
  `under1_5_ht` tinyint(3) unsigned NOT NULL DEFAULT 0,
  `under2_5_ht` tinyint(3) unsigned NOT NULL DEFAULT 0,
  `over0_5_ht` tinyint(3) unsigned NOT NULL DEFAULT 0,
  `over1_5_ht` tinyint(3) unsigned NOT NULL DEFAULT 0,
  `over2_5_ht` tinyint(3) unsigned NOT NULL DEFAULT 0,
  `btts_ht` tinyint(3) unsigned NOT NULL DEFAULT 0,
  `mean_ht` decimal(2,1) NOT NULL DEFAULT 0.0,
  `ranking_at` tinyint(3) unsigned NOT NULL,
  `under0_5_at` tinyint(3) unsigned NOT NULL DEFAULT 0,
  `under1_5_at` tinyint(3) unsigned NOT NULL DEFAULT 0,
  `under2_5_at` tinyint(3) unsigned NOT NULL DEFAULT 0,
  `over0_5_at` tinyint(3) unsigned NOT NULL DEFAULT 0,
  `over1_5_at` tinyint(3) unsigned NOT NULL DEFAULT 0,
  `over2_5_at` tinyint(3) unsigned NOT NULL DEFAULT 0,
  `btts_at` tinyint(3) unsigned NOT NULL DEFAULT 0,
  `mean_at` decimal(2,1) NOT NULL DEFAULT 0.0,
  `global` tinyint(3) unsigned NOT NULL DEFAULT 0,
  KEY `ind_date_time` (`date_time`)
) ENGINE=InnoDB DEFAULT CHARSET=utf8mb4 COLLATE=utf8mb4_general_ci;
/*!40101 SET character_set_client = @saved_cs_client */;

--
-- Dumping data for table `overall_stats5_dataset`
--

LOCK TABLES `overall_stats5_dataset` WRITE;
/*!40000 ALTER TABLE `overall_stats5_dataset` DISABLE KEYS */;
INSERT INTO `overall_stats5_dataset` VALUES (1,'2022-08-05 19:00:00','Lyon','AC Ajaccio',3,0,0,0,0,0,0,0,0.0,13,0,0,0,0,0,0,0,0.0,3),(1,'2022-08-05 19:00:00','Lyon','AC Ajaccio',1,0,0,0,20,20,20,20,3.0,2,0,0,0,20,20,20,20,3.0,3),(1,'2022-08-05 19:00:00','Lyon','AC Ajaccio',2,0,0,0,20,20,20,20,3.0,1,0,0,0,20,20,20,20,3.0,3),(1,'2022-08-06 15:00:00','Strasbourg','Monaco',19,0,0,0,0,0,0,0,0.0,20,0,0,0,0,0,0,0,0.0,3),(1,'2022-08-06 19:00:00','Clermont','PSG',20,0,0,0,0,0,0,0,0.0,13,0,0,0,0,0,0,0,0.0,5),(1,'2022-08-07 11:00:00','Toulouse','Nice',13,0,0,0,0,0,0,0,0.0,15,0,0,0,0,0,0,0,0.0,2),(1,'2022-08-07 13:00:00','Montpellier','Troyes',15,0,0,0,0,0,0,0,0.0,20,0,0,0,0,0,0,0,0.0,5),(1,'2022-08-07 13:00:00','Lille','Auxerre',17,0,0,0,0,0,0,0,0.0,16,0,0,0,0,0,0,0,0.0,5),(1,'2022-08-07 13:00:00','Lens','Brest',14,0,0,0,0,0,0,0,0.0,20,0,0,0,0,0,0,0,0.0,5),(1,'2022-08-07 13:00:00','Angers','Nantes',20,0,0,0,0,0,0,0,0.0,15,0,0,0,0,0,0,0,0.0,0),(1,'2022-08-07 15:05:00','Rennes','Lorient',17,0,0,0,0,0,0,0,0.0,16,0,0,0,0,0,0,0,0.0,1),(1,'2022-08-07 18:45:00','Marseille','Reims',20,0,0,0,0,0,0,0,0.0,17,0,0,0,0,0,0,0,0.0,5),(2,'2022-08-12 19:00:00','Nantes','Lille',19,20,20,20,0,0,0,0,0.0,7,0,0,0,20,20,20,20,5.0,2),(2,'2022-08-13 15:00:00','Monaco','Rennes',14,0,0,0,20,20,20,20,3.0,19,0,20,20,20,0,0,0,1.0,2),(2,'2022-08-13 19:00:00','PSG','Montpellier',2,0,0,0,20,20,20,0,5.0,5,0,0,0,20,20,20,20,5.0,7),(2,'2022-08-14 13:00:00','Auxerre','Angers',8,0,0,0,20,20,20,20,5.0,20,20,20,20,0,0,0,0,0.0,4),(2,'2022-08-14 13:00:00','AC Ajaccio','Lens',11,0,0,0,20,20,20,20,3.0,8,0,0,0,20,20,20,20,5.0,0),(2,'2022-08-14 13:00:00','Reims','Clermont',5,0,0,0,20,20,20,20,5.0,4,0,0,0,20,20,20,0,5.0,6),(2,'2022-08-14 13:00:00','Troyes','Toulouse',6,0,0,0,20,20,20,20,5.0,15,0,0,20,20,20,0,20,2.0,3),(2,'2022-08-14 15:05:00','Nice','Strasbourg',16,0,0,20,20,20,0,20,2.0,11,0,0,0,20,20,20,20,3.0,2),(2,'2022-08-14 18:45:00','Brest','Marseille',5,0,0,0,20,20,20,20,5.0,6,0,0,0,20,20,20,20,5.0,2),(3,'2022-08-19 19:00:00','Lyon','Troyes',10,0,0,0,20,20,20,20,3.0,6,0,0,0,40,40,40,20,4.0,5),(3,'2022-08-20 15:00:00','Monaco','Lens',12,0,0,20,40,40,20,40,2.5,13,20,20,20,20,20,20,20,2.5,5),(3,'2022-08-20 19:00:00','Marseille','Nantes',8,0,0,20,40,40,20,40,3.5,20,20,20,40,20,20,0,20,1.0,3),(3,'2022-08-21 11:00:00','Strasbourg','Reims',14,0,0,20,40,40,20,40,2.5,4,0,0,0,40,40,40,40,5.5,2),(3,'2022-08-21 13:00:00','Toulouse','Lorient',13,0,0,20,40,40,20,20,2.5,20,0,20,20,20,0,0,0,1.0,4),(3,'2022-08-21 13:00:00','Angers','Brest',16,20,20,20,20,20,20,20,2.0,9,0,0,20,40,40,20,40,3.5,4),(3,'2022-08-21 13:00:00','Clermont','Nice',3,0,0,0,40,40,40,20,5.5,17,0,0,40,40,40,0,40,2.0,1),(3,'2022-08-21 13:00:00','Montpellier','Auxerre',2,0,0,0,40,40,40,40,6.0,3,0,0,0,40,40,40,40,4.5,3),(3,'2022-08-21 15:05:00','Rennes','AC Ajaccio',20,0,20,40,40,20,0,20,1.5,19,20,20,20,20,20,20,20,1.5,3),(3,'2022-08-21 18:45:00','Lille','PSG',9,0,0,20,40,40,20,40,3.5,1,0,0,0,40,40,40,20,6.0,8),(4,'2022-08-26 19:00:00','AC Ajaccio','Lille',17,20,20,20,40,40,40,40,2.0,3,0,0,20,60,60,40,60,5.0,4),(4,'2022-08-27 15:00:00','Auxerre','Strasbourg',7,0,0,0,60,60,60,60,4.0,17,0,0,40,60,60,20,60,2.3,1),(4,'2022-08-27 19:00:00','Lens','Rennes',10,20,20,20,40,40,40,40,3.3,18,0,20,40,60,40,20,40,2.0,3),(4,'2022-08-28 11:00:00','Nantes','Toulouse',19,20,20,40,40,40,20,40,1.7,13,0,0,20,60,60,40,40,3.0,4),(4,'2022-08-28 13:00:00','Lorient','Clermont',15,0,20,20,40,20,20,20,2.5,6,0,20,20,60,40,40,20,4.0,3),(4,'2022-08-28 13:00:00','Brest','Montpellier',8,0,0,20,60,60,40,60,3.7,2,0,0,0,60,60,60,60,5.0,7),(4,'2022-08-28 13:00:00','Troyes','Angers',6,0,0,0,60,60,60,40,4.3,14,20,20,20,40,40,40,40,2.7,4),(4,'2022-08-28 13:00:00','Nice','Marseille',20,0,20,60,60,40,0,40,1.7,11,0,0,20,60,60,40,60,3.3,3),(4,'2022-08-28 15:05:00','Reims','Lyon',6,0,0,20,60,60,40,60,4.3,7,0,0,0,40,40,40,40,4.0,2),(4,'2022-08-28 18:45:00','PSG','Monaco',1,0,0,0,60,60,60,40,6.7,8,0,0,20,60,60,40,60,3.3,2),(5,'2022-08-31 17:00:00','Strasbourg','Nantes',19,0,20,60,80,60,20,60,2.0,17,20,20,40,60,60,40,60,2.3,2),(5,'2022-08-31 17:00:00','Montpellier','AC Ajaccio',2,0,0,0,80,80,80,60,5.5,16,20,20,20,60,60,60,60,2.5,2),(5,'2022-08-31 17:00:00','Lyon','Auxerre',12,0,0,20,60,60,40,60,3.3,10,0,20,20,80,60,60,60,3.3,3),(5,'2022-08-31 17:00:00','Monaco','Troyes',14,0,0,40,80,80,40,80,3.0,5,0,0,0,80,80,80,60,4.3,6),(5,'2022-08-31 17:00:00','Angers','Reims',14,20,20,20,60,60,60,60,3.0,7,0,0,40,80,80,40,80,3.8,6),(5,'2022-08-31 19:00:00','Rennes','Brest',17,0,20,40,80,60,40,60,2.3,5,0,0,20,80,80,60,60,4.5,4),(5,'2022-08-31 19:00:00','Marseille','Clermont',12,0,0,20,80,80,60,60,3.3,7,0,20,20,80,60,60,40,3.8,1),(5,'2022-08-31 19:00:00','Toulouse','PSG',11,0,0,20,80,80,60,60,3.3,1,0,0,20,80,80,60,60,5.5,3),(5,'2022-08-31 19:00:00','Lens','Lorient',10,20,20,20,60,60,60,60,3.3,15,0,20,20,60,40,40,40,2.7,7),(5,'2022-08-31 19:00:00','Lille','Nice',2,0,0,20,80,80,60,80,4.8,19,0,20,60,80,60,20,40,2.0,3),(6,'2022-09-03 15:00:00','Auxerre','Marseille',13,0,20,20,100,80,80,80,3.2,15,0,20,40,100,80,60,60,2.8,2),(6,'2022-09-03 17:00:00','Lyon','Angers',11,0,0,20,80,80,60,80,3.3,9,20,20,20,80,80,80,80,3.6,5),(6,'2022-09-03 19:00:00','Nantes','PSG',18,20,20,60,80,80,40,80,2.2,1,0,0,20,100,100,80,60,5.0,3),(6,'2022-09-04 11:00:00','Montpellier','Lille',1,0,0,20,100,100,80,60,4.8,5,0,0,20,100,100,80,100,4.4,4),(6,'2022-09-04 13:00:00','AC Ajaccio','Lorient',17,20,20,40,80,80,60,60,2.4,9,0,20,20,80,60,60,60,3.8,1),(6,'2022-09-04 13:00:00','Reims','Lens',6,0,0,40,100,100,60,100,4.2,8,20,20,20,80,80,80,80,4.0,2),(6,'2022-09-04 13:00:00','Clermont','Toulouse',11,0,40,40,100,60,60,40,3.2,13,0,0,20,100,100,80,60,3.2,2),(6,'2022-09-04 13:00:00','Brest','Strasbourg',5,0,0,20,100,100,80,80,4.4,19,0,20,80,100,80,20,80,2.0,2),(6,'2022-09-04 15:05:00','Troyes','Rennes',2,0,0,0,100,100,100,80,4.6,14,0,20,40,100,80,60,80,2.6,2),(6,'2022-09-04 18:45:00','Nice','Monaco',17,0,20,60,100,80,40,60,2.2,9,0,0,40,100,100,60,100,3.6,1),(2,'2022-09-07 17:00:00','Lorient','Lyon',11,0,40,40,100,60,60,60,3.2,8,0,0,20,100,100,80,80,3.6,4),(7,'2022-09-09 19:00:00','Lens','Troyes',10,20,20,40,80,80,60,80,3.4,5,0,0,20,100,100,80,80,4.0,1),(7,'2022-09-10 15:00:00','PSG','Brest',2,0,0,20,100,100,80,60,4.6,6,0,0,40,100,100,60,80,3.8,1),(7,'2022-09-10 19:00:00','Marseille','Lille',17,0,20,60,100,80,40,40,2.2,3,0,0,20,100,100,80,100,4.2,3),(7,'2022-09-11 11:00:00','Strasbourg','Clermont',20,0,20,100,100,80,0,80,1.8,16,0,40,60,100,60,40,40,2.6,0),(7,'2022-09-11 13:00:00','Toulouse','Reims',11,0,0,20,100,100,80,40,3.2,6,0,0,60,100,100,40,100,3.6,1),(7,'2022-09-11 13:00:00','Lorient','Nantes',4,0,20,20,100,80,80,80,3.8,11,0,0,40,100,100,60,80,2.8,5),(7,'2022-09-11 13:00:00','Angers','Montpellier',1,0,0,0,100,100,100,80,4.6,2,0,0,20,100,100,80,60,4.6,3),(7,'2022-09-11 13:00:00','AC Ajaccio','Nice',18,20,40,60,80,60,40,40,2.0,17,0,40,60,100,60,40,40,2.0,1),(7,'2022-09-11 15:05:00','Rennes','Auxerre',13,0,0,40,100,100,60,100,2.8,14,0,20,40,100,80,60,60,2.6,5),(7,'2022-09-11 18:45:00','Monaco','Lyon',12,0,20,60,100,80,40,80,3.2,4,0,0,20,100,100,80,80,3.8,3),(8,'2022-09-16 19:00:00','Auxerre','Lorient',13,0,20,40,100,80,60,40,2.8,3,0,20,20,100,80,80,80,4.0,4),(8,'2022-09-17 15:00:00','Montpellier','Strasbourg',4,0,0,20,100,100,80,60,3.8,20,20,40,100,80,60,0,60,1.4,3),(8,'2022-09-17 19:00:00','Lille','Toulouse',1,0,0,0,100,100,100,100,4.4,14,0,20,40,100,80,60,40,2.8,3),(8,'2022-09-18 11:00:00','Reims','Monaco',14,0,20,80,100,80,20,80,2.6,9,0,20,40,100,80,60,80,3.4,3),(8,'2022-09-18 13:00:00','Brest','AC Ajaccio',4,0,20,40,100,80,60,60,3.6,17,0,40,60,100,60,40,40,2.2,1),(8,'2022-09-18 13:00:00','Clermont','Troyes',20,20,60,80,80,40,20,20,1.4,4,0,20,40,100,80,60,80,3.6,4),(8,'2022-09-18 13:00:00','Marseille','Rennes',16,0,20,40,100,80,60,40,2.4,5,0,0,20,100,100,80,80,3.4,2),(8,'2022-09-18 13:00:00','Nice','Angers',19,0,60,60,100,40,40,20,1.8,1,0,0,0,100,100,100,80,4.4,1),(8,'2022-09-18 15:05:00','Nantes','Lens',8,0,0,20,100,100,80,80,3.4,4,0,20,40,100,80,60,80,3.6,0),(8,'2022-09-18 18:45:00','Lyon','PSG',5,0,0,20,100,100,80,80,3.4,7,0,20,40,100,80,60,40,3.4,1),(9,'2022-09-30 19:00:00','Angers','Marseille',3,0,20,20,100,80,80,60,3.8,15,0,20,60,100,80,40,40,2.2,3),(9,'2022-10-01 15:00:00','Strasbourg','Rennes',20,20,40,80,80,60,20,60,1.6,6,0,0,40,100,100,60,80,3.2,4),(9,'2022-10-01 19:00:00','PSG','Nice',18,0,40,60,100,60,40,20,2.0,20,0,60,60,100,40,40,20,1.8,3),(9,'2022-10-02 11:00:00','Lorient','Lille',1,0,20,20,100,80,80,80,4.2,5,0,0,0,100,100,100,100,3.4,3),(9,'2022-10-02 13:00:00','Troyes','Reims',5,0,20,40,100,80,60,80,3.4,11,0,20,60,100,80,40,60,2.8,4),(9,'2022-10-02 13:00:00','Auxerre','Brest',9,0,20,40,100,80,60,40,3.0,11,0,40,60,100,60,40,40,3.0,2),(9,'2022-10-02 13:00:00','AC Ajaccio','Clermont',19,0,60,80,100,40,20,20,1.8,17,20,40,60,80,60,40,40,2.0,4),(9,'2022-10-02 13:00:00','Toulouse','Montpellier',12,0,20,40,100,80,60,40,2.6,1,0,0,20,100,100,80,60,3.8,6),(9,'2022-10-02 15:05:00','Monaco','Nantes',10,0,20,40,100,80,60,60,3.0,12,20,20,40,80,80,60,60,2.8,5),(9,'2022-10-02 18:45:00','Lens','Lyon',13,20,40,60,80,60,40,60,2.6,10,0,20,20,100,80,80,60,3.2,1),(10,'2022-10-07 19:00:00','Lyon','Toulouse',12,0,40,40,100,60,60,40,2.8,11,0,20,40,100,80,60,40,3.0,2),(10,'2022-10-08 15:00:00','Marseille','AC Ajaccio',12,0,20,60,100,80,40,40,2.2,20,0,60,80,100,40,20,20,1.8,3),(10,'2022-10-08 19:00:00','Reims','PSG',8,0,20,40,100,80,60,60,3.2,16,0,40,40,100,60,60,20,2.2,0),(10,'2022-10-09 11:00:00','Montpellier','Monaco',3,0,0,20,100,100,80,80,3.6,2,0,20,20,100,80,80,60,3.6,2),(10,'2022-10-09 13:00:00','Clermont','Auxerre',15,20,40,60,80,60,40,40,2.2,6,0,0,40,100,100,60,60,3.2,3),(10,'2022-10-09 13:00:00','Brest','Lorient',17,0,40,80,100,60,20,60,2.0,4,0,20,20,100,80,80,80,3.4,3),(10,'2022-10-09 13:00:00','Nice','Troyes',18,0,60,60,100,40,40,40,1.8,5,0,20,40,100,80,60,80,3.4,5),(10,'2022-10-09 13:00:00','Angers','Strasbourg',3,0,20,20,100,80,80,40,3.6,15,20,20,60,80,80,40,80,2.2,5),(10,'2022-10-09 15:05:00','Rennes','Nantes',3,0,0,40,100,100,60,80,3.4,8,20,20,40,80,80,60,60,3.0,3),(10,'2022-10-09 18:45:00','Lille','Lens',6,0,0,0,100,100,100,100,3.2,14,20,60,80,80,40,20,40,2.2,1),(11,'2022-10-14 19:00:00','Strasbourg','Lille',9,20,20,40,80,80,60,80,2.8,8,0,20,20,100,80,80,80,2.8,3),(11,'2022-10-15 15:00:00','Lorient','Reims',1,0,0,0,100,100,100,100,3.8,17,20,40,60,80,60,40,40,2.0,0),(11,'2022-10-15 19:00:00','Lens','Montpellier',20,20,80,100,80,20,0,20,1.0,1,0,0,20,100,100,80,80,3.6,1),(11,'2022-10-16 11:00:00','Toulouse','Angers',9,0,20,60,100,80,40,60,2.8,1,0,20,20,100,80,80,40,3.4,5),(11,'2022-10-16 13:00:00','Auxerre','Nice',4,0,0,40,100,100,60,60,3.2,14,0,60,60,100,40,40,40,2.2,2),(11,'2022-10-16 13:00:00','Troyes','AC Ajaccio',5,0,20,40,100,80,60,80,3.2,16,0,60,60,100,40,40,40,2.0,2),(11,'2022-10-16 13:00:00','Nantes','Brest',4,20,20,20,80,80,80,40,3.2,17,0,40,80,100,60,20,60,1.8,5),(11,'2022-10-16 13:00:00','Rennes','Lyon',5,0,0,40,100,100,60,60,3.2,16,0,40,60,100,60,40,60,2.2,5),(11,'2022-10-16 15:05:00','Monaco','Clermont',10,0,20,40,100,80,60,40,2.8,11,20,20,40,80,80,60,60,2.6,2),(11,'2022-10-16 18:45:00','PSG','Marseille',18,20,60,60,80,40,40,20,1.6,11,0,0,40,100,100,60,60,2.6,1),(12,'2022-10-21 19:00:00','AC Ajaccio','PSG',17,0,40,60,100,60,40,60,2.2,19,20,80,80,80,20,20,20,1.2,3),(12,'2022-10-22 15:00:00','Montpellier','Lyon',10,0,20,40,100,80,60,60,3.0,15,0,40,60,100,60,40,60,2.4,3),(12,'2022-10-22 19:00:00','Marseille','Lens',14,0,20,40,100,80,60,60,2.4,20,20,100,100,80,0,0,0,0.8,1),(12,'2022-10-23 11:00:00','Angers','Rennes',4,0,20,20,100,80,80,60,3.4,1,0,0,20,100,100,80,60,3.8,3),(12,'2022-10-23 13:00:00','Toulouse','Strasbourg',4,0,20,40,100,80,60,80,3.4,7,20,20,20,80,80,80,60,3.0,4),(12,'2022-10-23 13:00:00','Troyes','Lorient',6,0,20,40,100,80,60,80,3.2,9,20,20,20,80,80,80,80,3.0,4),(12,'2022-10-23 13:00:00','Reims','Auxerre',18,40,60,60,60,40,40,20,1.6,7,0,0,40,100,100,60,80,3.2,3),(12,'2022-10-23 13:00:00','Clermont','Brest',11,20,20,40,80,80,60,80,2.6,16,0,40,60,100,60,40,60,2.4,4),(12,'2022-10-23 15:05:00','Nice','Nantes',16,0,40,60,100,60,40,60,2.4,4,20,20,20,80,80,80,60,3.6,2),(12,'2022-10-23 18:45:00','Lille','Monaco',15,0,20,20,100,80,80,60,2.6,7,0,0,40,100,100,60,60,3.0,7),(13,'2022-10-28 19:00:00','Lens','Toulouse',20,20,100,100,80,0,0,0,0.8,1,0,0,20,100,100,80,100,4.0,3),(13,'2022-10-29 15:00:00','PSG','Troyes',19,20,60,60,80,40,40,20,1.6,4,0,0,20,100,100,80,100,3.8,7),(13,'2022-10-29 19:00:00','Strasbourg','Marseille',3,0,0,0,100,100,100,80,3.8,19,0,40,60,100,60,40,40,2.0,4),(13,'2022-10-30 12:00:00','Auxerre','AC Ajaccio',14,0,0,40,100,100,60,100,2.8,15,0,20,40,100,80,60,60,2.6,1),(13,'2022-10-30 14:00:00','Nantes','Clermont',10,20,20,40,80,80,60,60,3.0,7,0,0,20,100,100,80,100,3.4,2),(13,'2022-10-30 14:00:00','Brest','Reims',9,0,20,40,100,80,60,80,3.0,19,40,40,40,60,60,60,40,2.0,0),(13,'2022-10-30 14:00:00','Monaco','Angers',4,0,0,40,100,100,60,60,3.8,5,0,20,20,100,80,80,60,3.4,2),(13,'2022-10-30 14:00:00','Rennes','Montpellier',7,0,0,20,100,100,80,80,3.4,9,0,20,40,100,80,60,60,3.0,3),(13,'2022-10-30 16:05:00','Lorient','Nice',13,20,20,20,80,80,80,80,2.8,15,0,20,60,100,80,40,80,2.6,3),(13,'2022-10-30 19:45:00','Lyon','Lille',16,0,40,60,100,60,40,60,2.4,8,0,20,20,100,80,80,60,3.4,1),(14,'2022-11-04 20:00:00','Troyes','Auxerre',1,0,0,20,100,100,80,100,4.4,18,0,20,60,100,80,40,80,2.2,2),(14,'2022-11-05 16:00:00','AC Ajaccio','Strasbourg',15,0,20,40,100,80,60,60,2.6,1,0,0,0,100,100,100,80,4.0,6),(14,'2022-11-05 20:00:00','Angers','Lens',6,0,0,20,100,100,80,60,3.6,19,0,80,80,100,20,20,0,1.4,3),(14,'2022-11-06 12:00:00','Lorient','PSG',15,20,20,20,80,80,80,80,2.6,14,20,40,40,80,60,60,40,2.8,3),(14,'2022-11-06 14:00:00','Reims','Nantes',20,60,60,60,40,40,40,40,1.4,7,0,0,40,100,100,60,80,3.4,1),(14,'2022-11-06 14:00:00','Clermont','Montpellier',9,0,0,40,100,100,60,100,3.0,8,0,20,40,100,80,60,40,3.0,2),(14,'2022-11-06 14:00:00','Nice','Brest',8,0,0,40,100,100,60,100,3.0,10,20,20,40,80,80,60,80,2.8,1),(14,'2022-11-06 14:00:00','Toulouse','Monaco',2,0,0,20,100,100,80,80,4.0,6,0,0,60,100,100,40,60,3.6,2),(14,'2022-11-06 16:05:00','Lille','Rennes',7,0,40,40,100,60,60,40,3.0,3,0,0,0,100,100,100,60,3.6,2),(14,'2022-11-06 19:45:00','Marseille','Lyon',15,0,40,40,100,60,60,40,2.4,16,0,40,60,100,60,40,60,2.4,1),(15,'2022-11-11 20:00:00','Lyon','Nice',15,0,40,60,100,60,40,60,2.4,12,0,20,60,100,80,40,80,2.6,2),(15,'2022-11-12 16:00:00','Lens','Clermont',19,0,60,60,100,40,40,20,1.8,11,0,0,60,100,100,40,100,2.6,3),(15,'2022-11-12 20:00:00','Rennes','Toulouse',4,0,0,20,100,100,80,60,3.2,5,0,0,40,100,100,60,60,3.2,3),(15,'2022-11-13 12:00:00','PSG','Auxerre',9,20,40,40,80,60,60,40,2.8,15,0,20,60,100,80,40,80,2.2,5),(15,'2022-11-13 14:00:00','Montpellier','Reims',16,0,20,60,100,80,40,40,2.2,20,60,80,80,40,20,20,20,0.8,2),(15,'2022-11-13 14:00:00','Lille','Angers',9,0,40,60,100,60,40,40,2.8,4,0,0,20,100,100,80,80,3.6,1),(15,'2022-11-13 14:00:00','Brest','Troyes',13,20,40,40,80,60,60,60,2.6,2,0,0,40,100,100,60,100,4.0,3),(15,'2022-11-13 14:00:00','Nantes','AC Ajaccio',14,0,20,60,100,80,40,60,2.6,6,0,20,40,100,80,60,60,3.0,4),(15,'2022-11-13 16:05:00','Strasbourg','Lorient',1,0,0,0,100,100,100,80,4.4,11,20,20,20,80,80,80,80,2.6,2),(15,'2022-11-13 19:45:00','Monaco','Marseille',7,0,0,80,100,100,20,40,3.0,18,0,60,60,100,40,40,40,2.0,5),(16,'2022-12-28 14:00:00','AC Ajaccio','Angers',6,0,20,40,100,80,60,60,3.2,9,0,20,40,100,80,60,60,2.8,1),(16,'2022-12-28 14:00:00','Troyes','Nantes',4,0,0,40,100,100,60,100,3.6,9,0,20,60,100,80,40,80,2.8,0),(16,'2022-12-28 16:00:00','Auxerre','Monaco',9,0,20,60,100,80,40,60,2.6,3,0,0,60,100,100,40,60,3.6,5),(16,'2022-12-28 18:00:00','Clermont','Lille',10,0,0,60,100,100,40,100,2.6,9,0,40,60,100,60,40,40,2.8,2),(16,'2022-12-28 20:00:00','PSG','Strasbourg',3,0,20,20,100,80,80,40,3.8,2,0,0,20,100,100,80,80,3.8,3),(16,'2022-12-28 20:00:00','Brest','Lyon',11,20,40,40,80,60,60,60,2.6,14,0,40,60,100,60,40,60,2.4,6),(16,'2022-12-29 16:00:00','Lorient','Montpellier',13,20,20,40,80,80,60,80,2.4,15,0,20,60,100,80,40,60,2.2,2),(16,'2022-12-29 18:00:00','Reims','Rennes',20,40,60,80,60,40,20,40,1.2,5,0,0,20,100,100,80,80,3.2,4),(16,'2022-12-29 20:00:00','Marseille','Toulouse',14,0,60,60,100,40,40,40,2.4,4,0,0,20,100,100,80,60,3.4,7),(16,'2022-12-29 20:00:00','Nice','Lens',17,0,20,80,100,80,20,80,2.0,16,0,40,40,100,60,60,40,2.2,0),(17,'2023-01-01 14:00:00','Monaco','Brest',1,0,0,40,100,100,60,60,4.2,10,20,40,40,80,60,60,60,2.8,1),(17,'2023-01-01 14:00:00','Nantes','Auxerre',19,20,40,80,80,60,20,60,1.8,6,0,20,40,100,80,60,60,3.2,1),(17,'2023-01-01 14:00:00','Toulouse','AC Ajaccio',2,0,0,20,100,100,80,60,3.8,7,0,40,40,100,60,60,40,3.0,2),(17,'2023-01-01 14:00:00','Angers','Lorient',18,0,40,60,100,60,40,40,2.0,8,0,0,40,100,100,60,80,2.8,3),(17,'2023-01-01 16:00:00','Lyon','Clermont',13,0,40,60,100,60,40,60,2.6,11,0,0,60,100,100,40,80,2.6,1),(17,'2023-01-01 19:45:00','Lens','PSG',18,20,40,40,80,60,60,40,2.0,1,0,0,0,100,100,100,60,4.2,4),(17,'2023-01-02 14:00:00','Strasbourg','Troyes',2,0,0,20,100,100,80,100,3.8,5,20,20,40,80,80,60,80,3.2,5),(17,'2023-01-02 16:00:00','Lille','Reims',10,0,40,80,100,60,20,40,2.6,17,20,40,60,80,60,40,60,2.0,2),(17,'2023-01-02 18:00:00','Montpellier','Marseille',12,0,0,60,100,100,40,60,2.4,3,0,40,40,100,60,60,60,3.6,3),(17,'2023-01-02 20:00:00','Rennes','Nice',7,0,0,20,100,100,80,80,3.0,18,20,40,80,80,60,20,60,1.6,3),(18,'2023-01-11 18:00:00','AC Ajaccio','Reims',8,0,40,60,100,60,40,40,2.8,18,20,40,80,80,60,20,60,1.8,1),(18,'2023-01-11 18:00:00','Clermont','Rennes',15,0,20,80,100,80,20,60,2.0,7,0,0,20,100,100,80,80,3.0,3),(18,'2023-01-11 18:00:00','Auxerre','Toulouse',9,0,40,60,100,60,40,40,2.8,5,0,0,40,100,100,60,40,3.4,5),(18,'2023-01-11 18:00:00','Nantes','Lyon',19,20,60,80,80,40,20,40,1.6,13,0,60,80,100,40,20,40,2.2,0),(18,'2023-01-11 18:00:00','Brest','Lille',13,20,60,60,80,40,40,40,2.2,19,0,40,100,100,60,0,40,1.6,0),(18,'2023-01-11 20:00:00','Lorient','Monaco',11,0,0,40,100,100,60,80,2.6,7,0,20,60,100,80,40,40,3.0,4),(18,'2023-01-11 20:00:00','PSG','Angers',1,0,0,0,100,100,100,80,4.4,17,0,40,60,100,60,40,40,2.0,2),(18,'2023-01-11 20:00:00','Nice','Montpellier',18,20,40,60,80,60,40,60,1.8,12,0,0,60,100,100,40,60,2.4,7),(18,'2023-01-11 20:00:00','Strasbourg','Lens',1,0,0,20,100,100,80,100,4.0,13,20,20,20,80,80,80,60,2.6,4),(18,'2023-01-11 20:00:00','Troyes','Marseille',6,20,20,40,80,80,60,80,3.4,2,0,20,20,100,80,80,80,4.0,2),(19,'2023-01-14 16:00:00','Lens','Auxerre',9,20,20,20,80,80,80,80,2.8,4,0,20,40,100,80,60,40,3.6,1),(19,'2023-01-14 18:00:00','Marseille','Lorient',3,0,20,40,100,80,60,60,3.6,9,0,0,40,100,100,60,80,2.8,4),(19,'2023-01-14 20:00:00','Lyon','Strasbourg',17,20,60,80,80,40,20,40,2.0,2,0,0,20,100,100,80,100,4.0,3),(19,'2023-01-15 12:00:00','Lille','Troyes',19,20,40,100,80,60,0,40,1.4,13,20,20,60,80,80,40,60,2.4,6),(19,'2023-01-15 14:00:00','Reims','Nice',18,0,40,80,100,60,20,60,2.0,12,20,40,60,80,60,40,60,2.6,0),(19,'2023-01-15 14:00:00','Toulouse','Brest',2,0,0,40,100,100,60,40,3.8,17,20,60,60,80,40,40,40,2.2,2),(19,'2023-01-15 14:00:00','Montpellier','Nantes',8,0,0,60,100,100,40,80,3.2,20,40,80,80,60,20,20,20,1.2,3),(19,'2023-01-15 14:00:00','Angers','Clermont',18,0,40,60,100,60,40,40,2.0,17,0,20,60,100,80,40,60,2.2,3),(19,'2023-01-15 16:05:00','Monaco','AC Ajaccio',6,0,20,40,100,80,60,60,3.4,11,0,40,60,100,60,40,40,2.8,8),(19,'2023-01-15 19:45:00','Rennes','PSG',11,0,0,20,100,100,80,100,3.0,5,0,0,20,100,100,80,60,3.4,1),(20,'2023-01-27 20:00:00','Lorient','Rennes',10,0,0,40,100,100,60,80,3.0,11,0,20,20,100,80,80,80,2.8,3),(20,'2023-01-28 16:00:00','Troyes','Lens',9,20,20,40,80,80,60,60,3.2,12,20,40,40,80,60,60,60,2.4,2),(20,'2023-01-28 20:00:00','Marseille','Monaco',2,0,0,20,100,100,80,80,4.2,1,0,20,20,100,80,80,80,4.6,2),(20,'2023-01-29 12:00:00','Nice','Lille',12,40,40,60,60,60,40,60,2.4,16,20,40,80,80,60,20,40,2.2,1),(20,'2023-01-29 14:00:00','Auxerre','Montpellier',5,0,40,40,100,60,60,20,3.4,6,0,0,40,100,100,60,60,3.4,2),(20,'2023-01-29 14:00:00','Clermont','Nantes',14,0,20,40,100,80,60,60,2.4,20,40,60,60,60,40,40,20,1.6,0),(20,'2023-01-29 14:00:00','Brest','Angers',13,20,40,60,80,60,40,60,2.4,17,0,40,60,100,60,40,40,2.0,4),(20,'2023-01-29 14:00:00','Strasbourg','Toulouse',4,0,0,20,100,100,80,100,3.4,2,0,0,40,100,100,60,60,3.8,3),(20,'2023-01-29 16:05:00','AC Ajaccio','Lyon',7,0,40,60,100,60,40,40,3.2,14,20,40,60,80,60,40,60,2.4,2),(20,'2023-01-29 19:45:00','PSG','Reims',8,0,20,40,100,80,60,40,3.0,18,20,40,80,80,60,20,60,1.8,2),(21,'2023-02-01 18:00:00','Reims','Lorient',18,20,40,80,80,60,20,60,1.8,6,0,0,20,100,100,80,80,3.2,6),(21,'2023-02-01 18:00:00','Toulouse','Troyes',3,0,0,40,100,100,60,60,3.8,7,20,20,60,80,80,40,60,3.0,5),(21,'2023-02-01 18:00:00','Angers','AC Ajaccio',11,0,20,40,100,80,60,40,2.6,8,0,40,80,100,60,20,20,2.8,3),(21,'2023-02-01 18:00:00','Nantes','Marseille',20,60,80,80,40,20,20,0,0.8,5,0,0,40,100,100,60,80,3.6,2),(21,'2023-02-01 18:00:00','Lille','Clermont',16,20,40,80,80,60,20,40,2.2,19,20,40,60,80,60,40,40,1.8,0),(21,'2023-02-01 20:00:00','Rennes','Strasbourg',9,0,20,20,100,80,80,80,2.8,4,0,0,0,100,100,100,100,3.6,3),(21,'2023-02-01 20:00:00','Monaco','Auxerre',1,0,20,40,100,80,60,80,4.0,9,0,40,60,100,60,40,20,2.8,5),(21,'2023-02-01 20:00:00','Lyon','Brest',13,20,40,60,80,60,40,40,2.4,10,20,40,60,80,60,40,40,2.6,0),(21,'2023-02-01 20:00:00','Lens','Nice',15,20,40,60,80,60,40,60,2.2,13,40,60,60,60,40,40,40,2.2,1),(21,'2023-02-01 20:00:00','Montpellier','PSG',6,0,0,40,100,100,60,40,3.4,14,0,20,60,100,80,40,60,2.4,4),(22,'2023-02-04 16:00:00','PSG','Toulouse',10,0,20,60,100,80,40,60,2.6,6,0,0,40,100,100,60,60,3.4,3),(22,'2023-02-04 18:00:00','Troyes','Lyon',2,0,0,40,100,100,60,80,4.0,19,40,60,80,60,40,20,20,1.2,4),(22,'2023-02-04 20:00:00','Rennes','Lille',10,0,20,20,100,80,80,60,2.6,16,40,60,80,60,40,20,40,1.8,4),(22,'2023-02-05 12:00:00','Clermont','Monaco',19,40,60,60,60,40,40,40,1.4,1,0,20,40,100,80,60,80,4.0,2),(22,'2023-02-05 14:00:00','Auxerre','Reims',10,0,40,60,100,60,40,20,2.8,16,20,40,80,80,60,20,60,2.2,0),(22,'2023-02-05 14:00:00','AC Ajaccio','Nantes',7,0,20,60,100,80,40,40,3.2,20,40,60,80,60,40,20,0,1.2,2),(22,'2023-02-05 14:00:00','Lorient','Angers',2,0,0,0,100,100,100,100,4.0,8,0,0,20,100,100,80,60,3.0,0),(22,'2023-02-05 14:00:00','Strasbourg','Montpellier',4,0,0,0,100,100,100,80,3.6,3,0,0,20,100,100,80,60,3.8,2),(22,'2023-02-05 16:05:00','Brest','Lens',19,40,60,80,60,40,20,20,1.4,13,0,40,60,100,60,40,60,2.4,2),(22,'2023-02-05 19:45:00','Marseille','Nice',9,0,0,60,100,100,40,60,2.6,11,20,60,60,80,40,40,40,2.4,4),(23,'2023-02-10 20:00:00','Nice','AC Ajaccio',10,20,60,60,80,40,40,40,2.6,6,0,20,60,100,80,40,40,3.2,3),(23,'2023-02-11 16:00:00','Monaco','PSG',1,0,0,40,100,100,60,80,4.2,12,0,20,60,100,80,40,60,2.4,4),(23,'2023-02-11 20:00:00','Clermont','Marseille',19,40,40,60,60,60,40,40,1.6,10,0,0,60,100,100,40,60,2.8,2),(23,'2023-02-12 12:00:00','Toulouse','Rennes',4,0,0,20,100,100,80,80,3.6,9,0,20,20,100,80,80,60,2.8,4),(23,'2023-02-12 14:00:00','Lille','Strasbourg',13,40,60,60,60,40,40,40,2.2,7,0,0,20,100,100,80,60,3.0,2),(23,'2023-02-12 14:00:00','Montpellier','Brest',4,0,0,40,100,100,60,40,3.6,18,40,40,80,60,60,20,40,1.6,3),(23,'2023-02-12 14:00:00','Reims','Troyes',17,40,60,80,60,40,20,40,1.8,2,0,0,40,100,100,60,80,3.8,4),(23,'2023-02-12 14:00:00','Angers','Auxerre',14,20,20,40,80,80,60,40,2.4,12,20,40,60,80,60,40,20,2.6,2),(23,'2023-02-12 16:05:00','Nantes','Lorient',19,40,40,80,60,60,20,0,1.4,4,20,20,20,80,80,80,80,3.4,1),(23,'2023-02-12 19:45:00','Lyon','Lens',18,40,40,60,60,60,40,40,1.8,15,0,40,80,100,60,20,60,2.0,3),(24,'2023-02-17 20:00:00','Auxerre','Lyon',16,20,40,80,80,60,20,40,2.0,13,20,20,40,80,80,60,60,2.4,3),(24,'2023-02-18 16:00:00','Nice','Reims',17,20,60,60,80,40,40,20,1.8,12,40,40,60,60,60,40,40,2.4,0),(24,'2023-02-18 20:00:00','Strasbourg','Angers',11,0,0,40,100,100,60,40,2.6,14,20,20,40,80,80,60,60,2.4,3),(24,'2023-02-19 12:00:00','PSG','Lille',6,0,20,40,100,80,60,80,2.8,10,20,40,60,80,60,40,40,2.6,7),(24,'2023-02-19 14:00:00','Brest','Monaco',16,20,20,60,80,80,40,40,2.2,1,0,0,40,100,100,60,80,4.2,3),(24,'2023-02-19 14:00:00','Lorient','AC Ajaccio',8,20,40,40,80,60,60,60,2.8,3,0,0,40,100,100,60,40,3.6,3),(24,'2023-02-19 14:00:00','Rennes','Clermont',5,0,20,20,100,80,80,60,3.0,20,40,40,80,60,60,20,20,1.4,2),(24,'2023-02-19 14:00:00','Troyes','Montpellier',1,0,0,20,100,100,80,80,4.2,8,0,0,40,100,100,60,20,2.8,1),(24,'2023-02-19 16:05:00','Lens','Nantes',18,0,40,80,100,60,20,60,1.8,19,20,40,80,80,60,20,0,1.6,4),(24,'2023-02-19 19:45:00','Toulouse','Marseille',2,0,0,20,100,100,80,100,3.4,7,0,0,60,100,100,40,60,2.8,5),(25,'2023-02-24 20:00:00','Lille','Brest',7,20,40,60,80,60,40,40,2.8,14,20,20,40,80,80,60,40,2.4,3),(25,'2023-02-25 16:00:00','Angers','Lyon',13,20,20,40,80,80,60,60,2.4,12,20,20,40,80,80,60,60,2.4,4),(25,'2023-02-25 20:00:00','Montpellier','Lens',16,0,20,60,100,80,40,20,2.4,14,0,20,60,100,80,40,80,2.4,2),(25,'2023-02-26 12:00:00','Lorient','Auxerre',10,20,40,40,80,60,60,40,2.6,15,20,20,60,80,80,40,60,2.4,1),(25,'2023-02-26 14:00:00','Clermont','Strasbourg',20,40,40,100,60,60,0,0,1.2,9,0,0,40,100,100,60,40,2.6,2),(25,'2023-02-26 14:00:00','AC Ajaccio','Troyes',9,0,0,40,100,100,60,20,2.6,5,0,20,40,100,80,60,60,3.2,3),(25,'2023-02-26 14:00:00','Nantes','Rennes',19,20,40,80,80,60,20,20,1.8,6,0,0,20,100,100,80,60,3.2,1),(25,'2023-02-26 14:00:00','Reims','Toulouse',10,40,40,60,60,60,40,40,2.4,2,0,0,0,100,100,100,100,4.0,3),(25,'2023-02-26 16:05:00','Monaco','Nice',5,0,0,40,100,100,60,80,3.2,19,20,60,60,80,40,40,20,1.8,3),(25,'2023-02-26 19:45:00','Marseille','PSG',6,0,0,60,100,100,40,60,3.0,1,0,0,20,100,100,80,100,4.0,3),(26,'2023-03-03 20:00:00','Nice','Auxerre',15,20,40,40,80,60,60,20,2.2,18,20,40,60,80,60,40,60,2.2,2),(26,'2023-03-04 16:00:00','Lens','Lille',14,0,20,60,100,80,40,80,2.4,5,20,20,40,80,80,60,60,3.2,2),(26,'2023-03-04 20:00:00','PSG','Nantes',1,0,0,0,100,100,100,80,4.2,18,0,40,80,100,60,20,20,2.0,6),(26,'2023-03-05 12:00:00','Troyes','Monaco',5,0,20,20,100,80,80,60,3.4,4,0,0,20,100,100,80,60,3.4,4),(26,'2023-03-05 14:00:00','Strasbourg','Brest',15,0,0,60,100,100,40,40,2.4,17,20,20,40,80,80,60,60,2.2,1),(26,'2023-03-05 14:00:00','Reims','AC Ajaccio',11,40,40,40,60,60,60,20,2.6,9,0,0,20,100,100,80,40,2.8,1),(26,'2023-03-05 14:00:00','Toulouse','Clermont',2,0,0,0,100,100,100,80,4.0,20,20,20,100,80,80,0,20,1.6,1),(26,'2023-03-05 14:00:00','Montpellier','Angers',15,0,20,60,100,80,40,40,2.4,12,20,20,40,80,80,60,80,2.4,5),(26,'2023-03-05 16:05:00','Lyon','Lorient',7,20,20,20,80,80,80,80,2.8,16,20,60,60,80,40,40,20,2.2,0),(26,'2023-03-05 19:45:00','Rennes','Marseille',10,0,20,40,100,80,60,40,2.8,5,0,0,40,100,100,60,40,3.2,1),(27,'2023-03-10 20:00:00','Lille','Lyon',2,0,0,40,100,100,60,80,3.6,7,20,20,20,80,80,80,80,2.8,6),(27,'2023-03-11 16:00:00','Auxerre','Rennes',19,20,40,80,80,60,20,60,1.6,15,0,40,60,100,60,40,40,2.4,0),(27,'2023-03-11 20:00:00','Brest','PSG',13,0,20,40,100,80,60,60,2.4,1,0,0,0,100,100,100,80,4.6,3),(27,'2023-03-12 12:00:00','Clermont','Lens',16,0,20,100,100,80,0,20,1.8,11,0,0,60,100,100,40,100,2.6,4),(27,'2023-03-12 14:00:00','AC Ajaccio','Montpellier',14,0,20,40,100,80,60,20,2.4,12,0,20,60,100,80,40,20,2.6,1),(27,'2023-03-12 14:00:00','Nantes','Nice',10,0,40,60,100,60,40,40,2.8,12,20,20,40,80,80,60,40,2.4,4),(27,'2023-03-12 14:00:00','Lorient','Troyes',20,40,80,80,60,20,20,0,1.0,5,0,20,20,100,80,80,60,3.2,2),(27,'2023-03-12 14:00:00','Angers','Toulouse',9,20,20,40,80,80,60,60,2.8,6,0,20,20,100,80,80,60,3.2,2),(27,'2023-03-12 16:05:00','Monaco','Reims',5,0,0,20,100,100,80,60,3.2,17,40,60,60,60,40,40,0,1.6,1),(27,'2023-03-12 19:45:00','Marseille','Strasbourg',8,0,20,40,100,80,60,40,3.0,16,0,20,80,100,80,20,40,2.0,4),(28,'2023-03-17 20:00:00','Lyon','Nantes',3,20,20,20,80,80,80,80,3.2,5,0,40,40,100,60,60,60,3.2,2),(28,'2023-03-18 16:00:00','Toulouse','Lille',9,0,20,40,100,80,60,40,3.0,2,0,0,40,100,100,60,80,4.0,2),(28,'2023-03-18 20:00:00','Lens','Angers',7,0,0,40,100,100,60,80,3.0,4,0,0,40,100,100,60,60,3.2,3),(28,'2023-03-19 12:00:00','AC Ajaccio','Monaco',15,0,40,40,100,60,60,20,2.2,6,0,20,20,100,80,80,60,3.0,2),(28,'2023-03-19 14:00:00','Troyes','Brest',8,0,20,40,100,80,60,40,2.8,10,0,20,20,100,80,80,60,2.6,4),(28,'2023-03-19 14:00:00','Strasbourg','Auxerre',13,0,20,60,100,80,40,60,2.4,19,20,40,80,80,60,20,60,1.6,2),(28,'2023-03-19 14:00:00','Nice','Lorient',12,20,20,40,80,80,60,40,2.4,20,20,60,80,80,40,20,0,1.4,2),(28,'2023-03-19 14:00:00','Montpellier','Clermont',13,0,40,60,100,60,40,20,2.4,15,0,20,80,100,80,20,20,2.2,3),(28,'2023-03-19 16:05:00','PSG','Rennes',1,0,0,0,100,100,100,80,4.6,19,20,60,80,80,40,20,20,1.6,2),(28,'2023-03-19 19:45:00','Reims','Marseille',17,20,60,60,80,40,40,0,1.8,7,0,20,40,100,80,60,40,3.0,3),(29,'2023-03-31 19:00:00','Marseille','Montpellier',5,0,20,20,100,80,80,60,3.2,13,0,40,60,100,60,40,40,2.4,2),(29,'2023-04-01 15:00:00','Auxerre','Troyes',19,20,40,80,80,60,20,40,1.6,8,0,20,40,100,80,60,60,2.8,1),(29,'2023-04-01 19:00:00','Rennes','Lens',19,20,60,100,80,40,0,0,1.2,6,0,0,40,100,100,60,60,3.0,1),(29,'2023-04-02 11:00:00','Lille','Lorient',2,0,0,40,100,100,60,80,4.0,18,20,40,80,80,60,20,20,1.6,4),(29,'2023-04-02 13:00:00','Clermont','AC Ajaccio',13,0,20,60,100,80,40,40,2.4,16,0,40,60,100,60,40,20,2.0,3),(29,'2023-04-02 13:00:00','Brest','Toulouse',7,0,20,20,100,80,80,80,2.8,10,0,20,60,100,80,40,20,2.6,4),(29,'2023-04-02 13:00:00','Angers','Nice',3,0,0,20,100,100,80,40,3.4,15,20,20,60,80,80,40,60,2.2,2),(29,'2023-04-02 13:00:00','Nantes','Reims',3,0,20,40,100,80,60,80,3.4,18,20,60,60,80,40,40,20,1.6,3),(29,'2023-04-02 15:05:00','Monaco','Strasbourg',12,0,20,40,100,80,60,40,2.6,15,0,20,60,100,80,40,60,2.4,7),(29,'2023-04-02 18:45:00','PSG','Lyon',1,0,0,20,100,100,80,60,4.2,7,20,20,40,80,80,60,80,3.0,1),(30,'2023-04-07 19:00:00','Lens','Strasbourg',14,0,20,60,100,80,40,40,2.4,3,0,20,60,100,80,40,60,3.2,3),(30,'2023-04-08 15:00:00','Angers','Lille',4,0,0,40,100,100,60,40,3.2,1,0,0,40,100,100,60,80,3.4,1),(30,'2023-04-08 19:00:00','Nice','PSG',14,0,0,60,100,100,40,80,2.6,6,0,20,40,100,80,60,40,3.0,2),(30,'2023-04-09 11:00:00','Lyon','Rennes',8,20,40,60,80,60,40,60,2.6,20,20,80,100,80,20,0,0,1.0,4),(30,'2023-04-09 13:00:00','Troyes','Clermont',6,0,20,40,100,80,60,60,2.8,13,0,20,40,100,80,60,60,2.6,2),(30,'2023-04-09 13:00:00','Reims','Brest',16,0,40,40,100,60,60,20,2.2,5,0,20,20,100,80,80,80,3.0,2),(30,'2023-04-09 13:00:00','Montpellier','Toulouse',12,0,20,60,100,80,40,60,2.6,14,0,20,60,100,80,40,20,2.4,3),(30,'2023-04-09 13:00:00','AC Ajaccio','Auxerre',17,0,40,60,100,60,40,40,2.0,20,20,60,100,80,40,0,20,1.2,3),(30,'2023-04-09 15:05:00','Nantes','Monaco',3,0,20,40,100,80,60,60,3.2,2,0,20,40,100,80,60,40,3.4,4),(30,'2023-04-09 18:45:00','Lorient','Marseille',18,20,40,80,80,60,20,40,1.8,12,0,20,40,100,80,60,60,2.6,0),(31,'2023-04-14 19:00:00','Toulouse','Lyon',14,0,20,60,100,80,40,40,2.4,8,20,40,60,80,60,40,60,2.6,3),(31,'2023-04-15 15:00:00','Rennes','Reims',19,20,60,80,80,40,20,20,1.6,17,0,40,60,100,60,40,40,2.0,3),(31,'2023-04-15 19:00:00','PSG','Lens',7,0,20,60,100,80,40,40,2.8,12,0,20,40,100,80,60,40,2.6,4),(31,'2023-04-16 11:00:00','Lille','Montpellier',6,0,20,60,100,80,40,60,3.0,8,0,20,40,100,80,60,60,2.8,3),(31,'2023-04-16 13:00:00','Strasbourg','AC Ajaccio',3,0,20,40,100,80,60,60,3.4,17,0,40,60,100,60,40,20,2.0,4),(31,'2023-04-16 13:00:00','Clermont','Angers',10,0,20,40,100,80,60,40,2.6,11,0,20,60,100,80,40,20,2.6,3),(31,'2023-04-16 13:00:00','Brest','Nice',9,0,20,40,100,80,60,80,2.8,14,0,0,80,100,100,20,80,2.4,1),(31,'2023-04-16 13:00:00','Auxerre','Nantes',20,20,40,80,80,60,20,20,1.6,2,0,0,20,100,100,80,80,3.8,3),(31,'2023-04-16 15:05:00','Monaco','Lorient',2,0,20,40,100,80,60,60,3.6,20,40,40,80,60,60,20,40,1.6,4),(31,'2023-04-16 18:45:00','Marseille','Troyes',19,20,40,60,80,60,40,60,2.0,11,0,20,60,100,80,40,40,2.6,4),(32,'2023-04-21 19:00:00','Angers','PSG',18,0,20,60,100,80,40,40,2.2,13,0,20,60,100,80,40,40,2.4,3),(32,'2023-04-22 15:00:00','Auxerre','Lille',20,20,40,60,80,60,40,20,1.8,3,0,20,40,100,80,60,60,3.2,2),(32,'2023-04-22 19:00:00','Lens','Monaco',5,0,20,20,100,80,80,40,3.0,2,0,20,40,100,80,60,60,3.6,3),(32,'2023-04-23 11:00:00','Reims','Strasbourg',16,0,20,40,100,80,60,40,2.4,1,0,0,20,100,100,80,80,4.0,2),(32,'2023-04-23 13:00:00','Nice','Clermont',19,0,20,80,100,80,20,60,2.2,5,0,0,20,100,100,80,60,3.0,3),(32,'2023-04-23 13:00:00','Nantes','Troyes',4,0,0,20,100,100,80,80,3.2,12,0,20,60,100,80,40,40,2.6,4),(32,'2023-04-23 13:00:00','Lorient','Toulouse',14,20,20,60,80,80,40,60,2.4,7,0,0,40,100,100,60,60,2.8,1),(32,'2023-04-23 13:00:00','AC Ajaccio','Brest',9,0,20,40,100,80,60,40,2.6,8,0,20,40,100,80,60,80,2.8,0),(32,'2023-04-23 15:05:00','Montpellier','Rennes',13,0,20,40,100,80,60,80,2.4,19,20,40,60,80,60,40,20,2.0,1),(32,'2023-04-23 18:45:00','Lyon','Marseille',3,0,20,40,100,80,60,80,3.2,8,20,20,40,80,80,60,80,2.6,3);
/*!40000 ALTER TABLE `overall_stats5_dataset` ENABLE KEYS */;
UNLOCK TABLES;

--
-- Table structure for table `overall_stats_dataset`
--

DROP TABLE IF EXISTS `overall_stats_dataset`;
/*!40101 SET @saved_cs_client     = @@character_set_client */;
/*!40101 SET character_set_client = utf8 */;
CREATE TABLE `overall_stats_dataset` (
  `mp` tinyint(3) unsigned NOT NULL,
  `date_time` datetime NOT NULL,
  `home_team` varchar(30) NOT NULL,
  `away_team` varchar(30) NOT NULL,
  `ranking_ht` tinyint(3) unsigned NOT NULL,
  `under0_5_ht` tinyint(3) unsigned NOT NULL DEFAULT 0,
  `under1_5_ht` tinyint(3) unsigned NOT NULL DEFAULT 0,
  `under2_5_ht` tinyint(3) unsigned NOT NULL DEFAULT 0,
  `over0_5_ht` tinyint(3) unsigned NOT NULL DEFAULT 0,
  `over1_5_ht` tinyint(3) unsigned NOT NULL DEFAULT 0,
  `over2_5_ht` tinyint(3) unsigned NOT NULL DEFAULT 0,
  `btts_ht` tinyint(3) unsigned NOT NULL DEFAULT 0,
  `mean_ht` decimal(2,1) NOT NULL DEFAULT 0.0,
  `ranking_at` tinyint(3) unsigned NOT NULL,
  `under0_5_at` tinyint(3) unsigned NOT NULL DEFAULT 0,
  `under1_5_at` tinyint(3) unsigned NOT NULL DEFAULT 0,
  `under2_5_at` tinyint(3) unsigned NOT NULL DEFAULT 0,
  `over0_5_at` tinyint(3) unsigned NOT NULL DEFAULT 0,
  `over1_5_at` tinyint(3) unsigned NOT NULL DEFAULT 0,
  `over2_5_at` tinyint(3) unsigned NOT NULL DEFAULT 0,
  `btts_at` tinyint(3) unsigned NOT NULL DEFAULT 0,
  `mean_at` decimal(2,1) NOT NULL DEFAULT 0.0,
  `global` tinyint(3) unsigned NOT NULL DEFAULT 0,
  KEY `ind_date_time` (`date_time`)
) ENGINE=InnoDB DEFAULT CHARSET=utf8mb4 COLLATE=utf8mb4_general_ci;
/*!40101 SET character_set_client = @saved_cs_client */;

--
-- Dumping data for table `overall_stats_dataset`
--

LOCK TABLES `overall_stats_dataset` WRITE;
/*!40000 ALTER TABLE `overall_stats_dataset` DISABLE KEYS */;
INSERT INTO `overall_stats_dataset` VALUES (1,'2022-08-05 19:00:00','Lyon','AC Ajaccio',3,0,0,0,0,0,0,0,0.0,13,0,0,0,0,0,0,0,0.0,3),(1,'2022-08-05 19:00:00','Lyon','AC Ajaccio',1,0,0,0,100,100,100,100,3.0,2,0,0,0,100,100,100,100,3.0,3),(1,'2022-08-05 19:00:00','Lyon','AC Ajaccio',2,0,0,0,100,100,100,100,3.0,1,0,0,0,100,100,100,100,3.0,3),(1,'2022-08-06 15:00:00','Strasbourg','Monaco',19,0,0,0,0,0,0,0,0.0,20,0,0,0,0,0,0,0,0.0,3),(1,'2022-08-06 19:00:00','Clermont','PSG',20,0,0,0,0,0,0,0,0.0,13,0,0,0,0,0,0,0,0.0,5),(1,'2022-08-07 11:00:00','Toulouse','Nice',13,0,0,0,0,0,0,0,0.0,15,0,0,0,0,0,0,0,0.0,2),(1,'2022-08-07 13:00:00','Montpellier','Troyes',15,0,0,0,0,0,0,0,0.0,20,0,0,0,0,0,0,0,0.0,5),(1,'2022-08-07 13:00:00','Lille','Auxerre',17,0,0,0,0,0,0,0,0.0,16,0,0,0,0,0,0,0,0.0,5),(1,'2022-08-07 13:00:00','Lens','Brest',14,0,0,0,0,0,0,0,0.0,20,0,0,0,0,0,0,0,0.0,5),(1,'2022-08-07 13:00:00','Angers','Nantes',20,0,0,0,0,0,0,0,0.0,15,0,0,0,0,0,0,0,0.0,0),(1,'2022-08-07 15:05:00','Rennes','Lorient',17,0,0,0,0,0,0,0,0.0,16,0,0,0,0,0,0,0,0.0,1),(1,'2022-08-07 18:45:00','Marseille','Reims',20,0,0,0,0,0,0,0,0.0,17,0,0,0,0,0,0,0,0.0,5),(2,'2022-08-12 19:00:00','Nantes','Lille',19,100,100,100,0,0,0,0,0.0,7,0,0,0,100,100,100,100,5.0,2),(2,'2022-08-13 15:00:00','Monaco','Rennes',14,0,0,0,100,100,100,100,3.0,19,0,100,100,100,0,0,0,1.0,2),(2,'2022-08-13 19:00:00','PSG','Montpellier',2,0,0,0,100,100,100,0,5.0,5,0,0,0,100,100,100,100,5.0,7),(2,'2022-08-14 13:00:00','Auxerre','Angers',8,0,0,0,100,100,100,100,5.0,20,100,100,100,0,0,0,0,0.0,4),(2,'2022-08-14 13:00:00','AC Ajaccio','Lens',11,0,0,0,100,100,100,100,3.0,8,0,0,0,100,100,100,100,5.0,0),(2,'2022-08-14 13:00:00','Reims','Clermont',5,0,0,0,100,100,100,100,5.0,4,0,0,0,100,100,100,0,5.0,6),(2,'2022-08-14 13:00:00','Troyes','Toulouse',6,0,0,0,100,100,100,100,5.0,15,0,0,100,100,100,0,100,2.0,3),(2,'2022-08-14 15:05:00','Nice','Strasbourg',16,0,0,100,100,100,0,100,2.0,11,0,0,0,100,100,100,100,3.0,2),(2,'2022-08-14 18:45:00','Brest','Marseille',5,0,0,0,100,100,100,100,5.0,6,0,0,0,100,100,100,100,5.0,2),(3,'2022-08-19 19:00:00','Lyon','Troyes',10,0,0,0,100,100,100,100,3.0,6,0,0,0,100,100,100,50,4.0,5),(3,'2022-08-20 15:00:00','Monaco','Lens',12,0,0,50,100,100,50,100,2.5,13,50,50,50,50,50,50,50,2.5,5),(3,'2022-08-20 19:00:00','Marseille','Nantes',8,0,0,50,100,100,50,100,3.5,20,50,50,100,50,50,0,50,1.0,3),(3,'2022-08-21 11:00:00','Strasbourg','Reims',14,0,0,50,100,100,50,100,2.5,4,0,0,0,100,100,100,100,5.5,2),(3,'2022-08-21 13:00:00','Toulouse','Lorient',13,0,0,50,100,100,50,50,2.5,20,0,100,100,100,0,0,0,1.0,4),(3,'2022-08-21 13:00:00','Angers','Brest',16,50,50,50,50,50,50,50,2.0,9,0,0,50,100,100,50,100,3.5,4),(3,'2022-08-21 13:00:00','Clermont','Nice',3,0,0,0,100,100,100,50,5.5,17,0,0,100,100,100,0,100,2.0,1),(3,'2022-08-21 13:00:00','Montpellier','Auxerre',2,0,0,0,100,100,100,100,6.0,3,0,0,0,100,100,100,100,4.5,3),(3,'2022-08-21 15:05:00','Rennes','AC Ajaccio',20,0,50,100,100,50,0,50,1.5,19,50,50,50,50,50,50,50,1.5,3),(3,'2022-08-21 18:45:00','Lille','PSG',9,0,0,50,100,100,50,100,3.5,1,0,0,0,100,100,100,50,6.0,8),(4,'2022-08-26 19:00:00','AC Ajaccio','Lille',17,33,33,33,67,67,67,67,2.0,3,0,0,33,100,100,67,100,5.0,4),(4,'2022-08-27 15:00:00','Auxerre','Strasbourg',7,0,0,0,100,100,100,100,4.0,17,0,0,67,100,100,33,100,2.3,1),(4,'2022-08-27 19:00:00','Lens','Rennes',10,33,33,33,67,67,67,67,3.3,18,0,33,67,100,67,33,67,2.0,3),(4,'2022-08-28 11:00:00','Nantes','Toulouse',19,33,33,67,67,67,33,67,1.7,13,0,0,33,100,100,67,67,3.0,4),(4,'2022-08-28 13:00:00','Lorient','Clermont',15,0,50,50,100,50,50,50,2.5,6,0,33,33,100,67,67,33,4.0,3),(4,'2022-08-28 13:00:00','Brest','Montpellier',8,0,0,33,100,100,67,100,3.7,2,0,0,0,100,100,100,100,5.0,7),(4,'2022-08-28 13:00:00','Troyes','Angers',6,0,0,0,100,100,100,67,4.3,14,33,33,33,67,67,67,67,2.7,4),(4,'2022-08-28 13:00:00','Nice','Marseille',20,0,33,100,100,67,0,67,1.7,11,0,0,33,100,100,67,100,3.3,3),(4,'2022-08-28 15:05:00','Reims','Lyon',6,0,0,33,100,100,67,100,4.3,7,0,0,0,100,100,100,100,4.0,2),(4,'2022-08-28 18:45:00','PSG','Monaco',1,0,0,0,100,100,100,67,6.7,8,0,0,33,100,100,67,100,3.3,2),(5,'2022-08-31 17:00:00','Strasbourg','Nantes',19,0,25,75,100,75,25,75,2.0,17,25,25,50,75,75,50,75,2.3,2),(5,'2022-08-31 17:00:00','Montpellier','AC Ajaccio',2,0,0,0,100,100,100,75,5.5,16,25,25,25,75,75,75,75,2.5,2),(5,'2022-08-31 17:00:00','Lyon','Auxerre',12,0,0,33,100,100,67,100,3.3,10,0,25,25,100,75,75,75,3.3,3),(5,'2022-08-31 17:00:00','Monaco','Troyes',14,0,0,50,100,100,50,100,3.0,5,0,0,0,100,100,100,75,4.3,6),(5,'2022-08-31 17:00:00','Angers','Reims',14,25,25,25,75,75,75,75,3.0,7,0,0,50,100,100,50,100,3.8,6),(5,'2022-08-31 19:00:00','Rennes','Brest',17,0,25,50,100,75,50,75,2.3,5,0,0,25,100,100,75,75,4.5,4),(5,'2022-08-31 19:00:00','Marseille','Clermont',12,0,0,25,100,100,75,75,3.3,7,0,25,25,100,75,75,50,3.8,1),(5,'2022-08-31 19:00:00','Toulouse','PSG',11,0,0,25,100,100,75,75,3.3,1,0,0,25,100,100,75,75,5.5,3),(5,'2022-08-31 19:00:00','Lens','Lorient',10,25,25,25,75,75,75,75,3.3,15,0,33,33,100,67,67,67,2.7,7),(5,'2022-08-31 19:00:00','Lille','Nice',2,0,0,25,100,100,75,100,4.8,19,0,25,75,100,75,25,50,2.0,3),(6,'2022-09-03 15:00:00','Auxerre','Marseille',13,0,20,20,100,80,80,80,3.2,15,0,20,40,100,80,60,60,2.8,2),(6,'2022-09-03 17:00:00','Lyon','Angers',11,0,0,25,100,100,75,100,3.3,9,20,20,20,80,80,80,80,3.6,5),(6,'2022-09-03 19:00:00','Nantes','PSG',19,20,20,60,80,80,40,80,2.2,1,0,0,20,100,100,80,60,5.0,3),(6,'2022-09-04 11:00:00','Montpellier','Lille',1,0,0,20,100,100,80,60,4.8,4,0,0,20,100,100,80,100,4.4,4),(6,'2022-09-04 13:00:00','AC Ajaccio','Lorient',17,20,20,40,80,80,60,60,2.4,9,0,25,25,100,75,75,75,3.8,1),(6,'2022-09-04 13:00:00','Reims','Lens',6,0,0,40,100,100,60,100,4.2,7,20,20,20,80,80,80,80,4.0,2),(6,'2022-09-04 13:00:00','Clermont','Toulouse',11,0,40,40,100,60,60,40,3.2,13,0,0,20,100,100,80,60,3.2,2),(6,'2022-09-04 13:00:00','Brest','Strasbourg',4,0,0,20,100,100,80,80,4.4,20,0,20,80,100,80,20,80,2.0,2),(6,'2022-09-04 15:05:00','Troyes','Rennes',3,0,0,0,100,100,100,80,4.6,16,0,20,40,100,80,60,80,2.6,2),(6,'2022-09-04 18:45:00','Nice','Monaco',18,0,20,60,100,80,40,60,2.2,10,0,0,40,100,100,60,100,3.6,1),(2,'2022-09-07 17:00:00','Lorient','Lyon',11,0,40,40,100,60,60,60,3.2,9,0,0,20,100,100,80,80,3.6,4),(7,'2022-09-09 19:00:00','Lens','Troyes',9,17,17,33,83,83,67,83,3.7,4,0,0,17,100,100,83,83,4.2,1),(7,'2022-09-10 15:00:00','PSG','Brest',1,0,0,17,100,100,83,50,4.7,4,0,0,33,100,100,67,83,4.0,1),(7,'2022-09-10 19:00:00','Marseille','Lille',15,0,17,50,100,83,50,50,2.7,2,0,0,17,100,100,83,100,4.3,3),(7,'2022-09-11 11:00:00','Strasbourg','Clermont',19,0,17,83,100,83,17,83,2.0,14,0,33,50,100,67,50,33,3.0,0),(7,'2022-09-11 13:00:00','Toulouse','Reims',13,0,0,33,100,100,67,50,3.0,4,0,0,50,100,100,50,100,3.8,1),(7,'2022-09-11 13:00:00','Lorient','Nantes',10,0,33,33,100,67,67,67,3.3,17,17,17,50,83,83,50,67,2.3,5),(7,'2022-09-11 13:00:00','Angers','Montpellier',4,17,17,17,83,83,83,67,3.8,1,0,0,17,100,100,83,67,4.7,3),(7,'2022-09-11 13:00:00','AC Ajaccio','Nice',18,17,33,50,83,67,50,50,2.2,19,0,33,67,100,67,33,50,2.0,1),(7,'2022-09-11 15:05:00','Rennes','Auxerre',17,0,17,50,100,83,50,83,2.5,12,0,17,33,100,83,67,67,3.0,5),(7,'2022-09-11 18:45:00','Monaco','Lyon',12,0,17,50,100,83,50,83,3.2,4,0,0,17,100,100,83,83,3.7,3),(8,'2022-09-16 19:00:00','Auxerre','Lorient',11,0,14,29,100,86,71,57,3.3,8,0,29,29,100,71,71,71,3.6,4),(8,'2022-09-17 15:00:00','Montpellier','Strasbourg',1,0,0,14,100,100,86,71,4.4,20,14,29,86,86,71,14,71,1.7,3),(8,'2022-09-17 19:00:00','Lille','Toulouse',2,0,0,14,100,100,86,100,4.1,16,0,14,43,100,86,57,43,2.7,3),(8,'2022-09-18 11:00:00','Reims','Monaco',9,0,14,57,100,86,43,86,3.4,12,0,14,43,100,86,57,86,3.1,3),(8,'2022-09-18 13:00:00','Brest','AC Ajaccio',7,0,14,43,100,86,57,71,3.6,18,14,43,57,86,57,43,43,2.0,1),(8,'2022-09-18 13:00:00','Clermont','Troyes',17,14,43,57,86,57,43,29,2.6,5,0,14,29,100,86,71,71,3.7,4),(8,'2022-09-18 13:00:00','Marseille','Rennes',16,0,14,43,100,86,57,57,2.7,13,0,14,43,100,86,57,71,2.9,2),(8,'2022-09-18 13:00:00','Nice','Angers',19,0,43,71,100,57,29,43,1.9,5,14,14,14,86,86,86,71,3.7,1),(8,'2022-09-18 15:05:00','Nantes','Lens',16,14,14,43,86,86,57,71,2.7,11,14,29,43,86,71,57,71,3.3,0),(8,'2022-09-18 18:45:00','Lyon','PSG',6,0,0,14,100,100,86,86,3.6,2,0,14,29,100,86,71,43,4.1,1),(9,'2022-09-30 19:00:00','Angers','Marseille',8,13,25,25,88,75,75,63,3.4,16,0,13,50,100,88,50,63,2.6,3),(9,'2022-10-01 15:00:00','Strasbourg','Rennes',19,13,25,75,88,75,25,75,1.9,13,0,13,50,100,88,50,75,2.8,4),(9,'2022-10-01 19:00:00','PSG','Nice',4,0,25,38,100,75,63,38,3.8,20,0,50,75,100,50,25,38,1.8,3),(9,'2022-10-02 11:00:00','Lorient','Lille',5,0,25,25,100,75,75,75,3.6,2,0,0,13,100,100,88,100,4.0,3),(9,'2022-10-02 13:00:00','Troyes','Reims',3,0,13,25,100,88,75,75,3.8,7,0,13,50,100,88,50,75,3.4,4),(9,'2022-10-02 13:00:00','Auxerre','Brest',6,0,13,25,100,88,75,63,3.4,10,0,25,50,100,75,50,63,3.3,2),(9,'2022-10-02 13:00:00','AC Ajaccio','Clermont',19,13,50,63,88,50,38,38,1.9,15,13,38,50,88,63,50,38,2.8,4),(9,'2022-10-02 13:00:00','Toulouse','Montpellier',15,0,13,38,100,88,63,50,2.8,1,0,0,13,100,100,88,75,4.3,6),(9,'2022-10-02 15:05:00','Monaco','Nantes',10,0,13,38,100,88,63,75,3.1,17,25,25,50,75,75,50,63,2.4,5),(9,'2022-10-02 18:45:00','Lens','Lyon',14,25,38,50,75,63,50,63,2.9,7,0,13,25,100,88,75,75,3.3,1),(10,'2022-10-07 19:00:00','Lyon','Toulouse',12,0,22,33,100,78,67,67,3.0,11,0,11,33,100,89,67,56,3.1,2),(10,'2022-10-08 15:00:00','Marseille','AC Ajaccio',15,0,11,44,100,89,56,56,2.7,19,11,44,56,89,56,44,44,2.1,3),(10,'2022-10-08 19:00:00','Reims','PSG',6,0,11,44,100,89,56,78,3.4,4,0,22,33,100,78,67,44,3.7,0),(10,'2022-10-09 11:00:00','Montpellier','Monaco',1,0,0,11,100,100,89,78,4.4,6,0,11,33,100,89,67,78,3.3,2),(10,'2022-10-09 13:00:00','Clermont','Auxerre',14,11,33,44,89,67,56,44,2.9,8,0,11,33,100,89,67,67,3.2,3),(10,'2022-10-09 13:00:00','Brest','Lorient',10,0,22,56,100,78,44,67,3.1,4,0,22,22,100,78,78,78,3.6,3),(10,'2022-10-09 13:00:00','Nice','Troyes',20,0,44,67,100,56,33,44,1.9,3,0,11,22,100,89,78,78,3.8,5),(10,'2022-10-09 13:00:00','Angers','Strasbourg',6,11,22,22,89,78,78,56,3.3,20,11,22,67,89,78,33,78,2.1,5),(10,'2022-10-09 15:05:00','Rennes','Nantes',12,0,11,44,100,89,56,78,2.9,15,22,22,44,78,78,56,67,2.7,3),(10,'2022-10-09 18:45:00','Lille','Lens',2,0,0,11,100,100,89,100,3.9,15,22,44,56,78,56,44,56,2.7,1),(11,'2022-10-14 19:00:00','Strasbourg','Lille',18,10,20,60,90,80,40,80,2.4,3,0,10,20,100,90,80,90,3.6,3),(11,'2022-10-15 15:00:00','Lorient','Reims',3,0,20,20,100,80,80,80,3.5,9,10,20,50,90,80,50,70,3.1,0),(11,'2022-10-15 19:00:00','Lens','Montpellier',18,20,50,60,80,50,40,50,2.5,1,0,0,20,100,100,80,70,4.2,1),(11,'2022-10-16 11:00:00','Toulouse','Angers',10,0,10,40,100,90,60,60,3.0,4,10,20,20,90,80,80,60,3.5,5),(11,'2022-10-16 13:00:00','Auxerre','Nice',7,0,10,30,100,90,70,70,3.2,20,0,40,60,100,60,40,50,2.2,2),(11,'2022-10-16 13:00:00','Troyes','AC Ajaccio',2,0,10,20,100,90,80,80,3.9,19,10,40,50,90,60,50,50,2.2,2),(11,'2022-10-16 13:00:00','Nantes','Brest',15,20,20,40,80,80,60,60,2.7,9,0,20,50,100,80,50,70,3.1,5),(11,'2022-10-16 13:00:00','Rennes','Lyon',14,0,10,40,100,90,60,70,2.9,12,0,20,40,100,80,60,70,2.9,5),(11,'2022-10-16 15:05:00','Monaco','Clermont',7,0,10,40,100,90,60,70,3.2,13,10,30,40,90,70,60,50,2.9,2),(11,'2022-10-16 18:45:00','PSG','Marseille',5,10,30,40,90,70,60,40,3.3,16,0,10,40,100,90,60,60,2.7,1),(12,'2022-10-21 19:00:00','AC Ajaccio','PSG',19,9,36,55,91,64,45,55,2.2,8,9,36,45,91,64,55,36,3.1,3),(12,'2022-10-22 15:00:00','Montpellier','Lyon',1,0,9,27,100,91,73,64,3.9,8,0,18,36,100,82,64,73,3.1,3),(12,'2022-10-22 19:00:00','Marseille','Lens',16,0,18,45,100,82,55,55,2.5,18,18,55,64,82,45,36,45,2.4,1),(12,'2022-10-23 11:00:00','Angers','Rennes',3,9,18,18,91,82,82,64,3.6,9,0,9,36,100,91,64,73,3.1,3),(12,'2022-10-23 13:00:00','Toulouse','Strasbourg',7,0,9,36,100,91,64,64,3.2,16,9,18,55,91,82,45,73,2.5,4),(12,'2022-10-23 13:00:00','Troyes','Lorient',2,0,9,27,100,91,73,82,3.7,7,9,27,27,91,73,73,73,3.2,4),(12,'2022-10-23 13:00:00','Reims','Auxerre',14,18,27,55,82,73,45,64,2.8,12,0,9,36,100,91,64,73,3.1,3),(12,'2022-10-23 13:00:00','Clermont','Brest',14,9,27,45,91,73,55,55,2.8,5,0,18,45,100,82,55,73,3.3,4),(12,'2022-10-23 15:05:00','Nice','Nantes',20,0,36,64,100,64,36,55,2.2,13,18,18,36,82,82,64,64,2.9,2),(12,'2022-10-23 18:45:00','Lille','Monaco',4,0,9,18,100,91,82,82,3.5,9,0,9,45,100,91,55,73,3.1,7),(13,'2022-10-28 19:00:00','Lens','Toulouse',18,17,58,67,83,42,33,42,2.3,8,0,8,33,100,92,67,67,3.3,3),(13,'2022-10-29 15:00:00','PSG','Troyes',10,8,33,42,92,67,58,33,3.1,1,0,8,25,100,92,75,83,3.8,7),(13,'2022-10-29 19:00:00','Strasbourg','Marseille',16,8,17,50,92,83,50,75,2.6,17,0,25,50,100,75,50,50,2.4,4),(13,'2022-10-30 12:00:00','Auxerre','AC Ajaccio',12,0,8,33,100,92,67,75,3.1,19,8,33,50,92,67,50,50,2.3,1),(13,'2022-10-30 14:00:00','Nantes','Clermont',15,17,17,42,83,83,58,67,2.8,13,8,25,42,92,75,58,58,2.9,2),(13,'2022-10-30 14:00:00','Brest','Reims',7,0,17,42,100,83,58,75,3.3,13,17,25,50,83,75,50,67,2.8,0),(13,'2022-10-30 14:00:00','Monaco','Angers',5,0,8,42,100,92,58,75,3.4,4,8,17,17,92,83,83,67,3.6,2),(13,'2022-10-30 14:00:00','Rennes','Montpellier',11,0,8,33,100,92,67,75,3.1,2,0,8,25,100,92,75,67,3.8,3),(13,'2022-10-30 16:05:00','Lorient','Nice',7,8,25,25,92,75,75,75,3.3,20,0,33,67,100,67,33,58,2.2,3),(13,'2022-10-30 19:45:00','Lyon','Lille',9,0,17,33,100,83,67,75,3.1,3,0,8,17,100,92,83,83,3.8,1),(14,'2022-11-04 20:00:00','Troyes','Auxerre',1,0,8,23,100,92,77,85,4.0,12,0,15,38,100,85,62,69,2.9,2),(14,'2022-11-05 16:00:00','AC Ajaccio','Strasbourg',19,8,38,54,92,62,46,46,2.2,15,8,15,46,92,85,54,77,2.7,6),(14,'2022-11-05 20:00:00','Angers','Lens',4,8,15,23,92,85,77,62,3.5,19,15,54,62,85,46,38,38,2.3,3),(14,'2022-11-06 12:00:00','Lorient','PSG',7,8,23,23,92,77,77,77,3.2,5,8,31,38,92,69,62,38,3.4,3),(14,'2022-11-06 14:00:00','Reims','Nantes',16,23,31,54,77,69,46,62,2.6,15,15,15,46,85,85,54,69,2.8,1),(14,'2022-11-06 14:00:00','Clermont','Montpellier',14,8,23,46,92,77,54,62,2.8,2,0,8,23,100,92,77,62,3.8,2),(14,'2022-11-06 14:00:00','Nice','Brest',20,0,31,62,100,69,38,62,2.2,10,8,23,46,92,77,54,69,3.1,1),(14,'2022-11-06 14:00:00','Toulouse','Monaco',8,0,8,31,100,92,69,62,3.2,6,0,8,46,100,92,54,69,3.3,2),(14,'2022-11-06 16:05:00','Lille','Rennes',3,0,15,23,100,85,77,77,3.6,8,0,8,31,100,92,69,69,3.1,2),(14,'2022-11-06 19:45:00','Marseille','Lyon',16,0,23,46,100,77,54,54,2.5,11,0,23,38,100,77,62,69,2.9,1),(15,'2022-11-11 20:00:00','Lyon','Nice',14,0,29,43,100,71,57,64,2.8,20,0,36,64,100,64,36,57,2.1,2),(15,'2022-11-12 16:00:00','Lens','Clermont',19,14,50,57,86,50,43,43,2.4,13,7,21,50,93,79,50,64,2.8,3),(15,'2022-11-12 20:00:00','Rennes','Toulouse',9,0,7,36,100,93,64,71,3.0,8,0,7,36,100,93,64,57,3.1,3),(15,'2022-11-13 12:00:00','PSG','Auxerre',5,7,29,36,93,71,64,43,3.4,10,0,14,43,100,86,57,71,2.9,5),(15,'2022-11-13 14:00:00','Montpellier','Reims',2,0,7,29,100,93,71,64,3.6,16,21,36,57,79,64,43,57,2.5,2),(15,'2022-11-13 14:00:00','Lille','Angers',3,0,14,29,100,86,71,79,3.5,5,7,14,21,93,86,79,64,3.4,1),(15,'2022-11-13 14:00:00','Brest','Troyes',12,7,29,50,93,71,50,64,2.9,1,0,7,29,100,93,71,86,3.9,3),(15,'2022-11-13 14:00:00','Nantes','AC Ajaccio',15,14,21,50,86,79,50,64,2.6,17,7,36,50,93,64,50,50,2.4,4),(15,'2022-11-13 16:05:00','Strasbourg','Lorient',11,7,14,43,93,86,57,79,2.9,6,7,21,21,93,79,79,79,3.2,2),(15,'2022-11-13 19:45:00','Monaco','Marseille',6,0,7,50,100,93,50,64,3.2,18,0,29,50,100,71,50,50,2.4,5),(16,'2022-12-28 14:00:00','AC Ajaccio','Angers',17,7,33,47,93,67,53,53,2.5,5,7,20,27,93,80,73,60,3.3,1),(16,'2022-12-28 14:00:00','Troyes','Nantes',1,0,7,27,100,93,73,87,3.8,15,13,20,47,87,80,53,67,2.7,0),(16,'2022-12-28 16:00:00','Auxerre','Monaco',10,0,13,40,100,87,60,67,3.0,5,0,7,47,100,93,53,67,3.3,5),(16,'2022-12-28 18:00:00','Clermont','Lille',13,7,20,47,93,80,53,67,2.8,5,0,20,33,100,80,67,73,3.3,2),(16,'2022-12-28 20:00:00','PSG','Strasbourg',3,7,27,33,93,73,67,40,3.5,11,7,13,47,93,87,53,80,2.9,3),(16,'2022-12-28 20:00:00','Brest','Lyon',12,7,27,47,93,73,53,67,2.9,14,0,27,47,100,73,53,67,2.7,6),(16,'2022-12-29 16:00:00','Lorient','Montpellier',6,7,20,27,93,80,73,80,3.1,2,0,7,33,100,93,67,67,3.5,2),(16,'2022-12-29 18:00:00','Reims','Rennes',17,20,33,60,80,67,40,60,2.5,11,0,7,33,100,93,67,73,3.0,4),(16,'2022-12-29 20:00:00','Marseille','Toulouse',15,0,27,47,100,73,53,53,2.6,9,0,7,33,100,93,67,60,3.1,7),(16,'2022-12-29 20:00:00','Nice','Lens',20,0,33,67,100,67,33,60,2.1,19,13,47,53,87,53,47,47,2.4,0),(17,'2023-01-01 14:00:00','Monaco','Brest',2,0,6,44,100,94,56,69,3.4,7,6,25,44,94,75,56,69,3.1,1),(17,'2023-01-01 14:00:00','Nantes','Auxerre',16,19,25,50,81,75,50,63,2.6,9,0,13,38,100,88,63,69,3.1,1),(17,'2023-01-01 14:00:00','Toulouse','AC Ajaccio',3,0,6,31,100,94,69,63,3.4,18,6,38,50,94,63,50,50,2.4,2),(17,'2023-01-01 14:00:00','Angers','Lorient',9,6,25,31,94,75,69,56,3.1,7,6,19,31,94,81,69,75,3.1,3),(17,'2023-01-01 16:00:00','Lyon','Clermont',13,0,25,44,100,75,56,69,2.9,15,6,19,50,94,81,50,63,2.8,1),(17,'2023-01-01 19:45:00','Lens','PSG',19,19,50,56,81,50,44,44,2.3,2,6,25,31,94,75,69,44,3.4,4),(17,'2023-01-02 14:00:00','Strasbourg','Troyes',12,6,13,44,94,88,56,81,2.9,1,6,13,31,94,88,69,81,3.6,5),(17,'2023-01-02 16:00:00','Lille','Reims',4,0,19,38,100,81,63,69,3.3,16,19,31,56,81,69,44,63,2.6,2),(17,'2023-01-02 18:00:00','Montpellier','Marseille',3,0,6,38,100,94,63,63,3.4,13,0,25,44,100,75,56,56,2.9,3),(17,'2023-01-02 20:00:00','Rennes','Nice',9,0,6,31,100,94,69,75,3.1,20,6,38,69,94,63,31,56,2.0,3),(18,'2023-01-11 18:00:00','AC Ajaccio','Reims',19,6,35,53,94,65,47,47,2.4,16,18,29,59,82,71,41,65,2.5,1),(18,'2023-01-11 18:00:00','Clermont','Rennes',15,6,24,53,94,76,47,59,2.6,9,0,6,29,100,94,71,76,3.1,3),(18,'2023-01-11 18:00:00','Auxerre','Toulouse',12,0,18,41,100,82,59,65,3.0,5,0,6,35,100,94,65,59,3.3,5),(18,'2023-01-11 18:00:00','Nantes','Lyon',16,18,29,53,82,71,47,59,2.5,14,0,29,47,100,71,53,65,2.8,0),(18,'2023-01-11 18:00:00','Brest','Lille',12,6,29,47,94,71,53,65,3.0,6,0,18,41,100,82,59,71,3.2,0),(18,'2023-01-11 20:00:00','Lorient','Monaco',7,6,18,29,94,82,71,76,3.1,5,0,12,47,100,88,53,65,3.3,4),(18,'2023-01-11 20:00:00','PSG','Angers',2,6,24,29,94,76,71,47,3.5,6,6,24,29,94,76,71,59,3.1,2),(18,'2023-01-11 20:00:00','Nice','Montpellier',20,6,35,65,94,65,35,59,2.1,4,0,6,35,100,94,65,65,3.4,7),(18,'2023-01-11 20:00:00','Strasbourg','Lens',11,6,12,41,94,88,59,82,3.0,17,18,47,53,82,53,47,47,2.4,4),(18,'2023-01-11 20:00:00','Troyes','Marseille',1,6,12,29,94,88,71,82,3.6,12,0,24,41,100,76,59,59,2.9,2),(19,'2023-01-14 16:00:00','Lens','Auxerre',17,17,44,50,83,56,50,50,2.4,10,0,17,39,100,83,61,61,3.1,1),(19,'2023-01-14 18:00:00','Marseille','Lorient',13,0,22,44,100,78,56,56,2.8,8,6,17,28,94,83,72,78,3.1,4),(19,'2023-01-14 20:00:00','Lyon','Strasbourg',14,6,33,50,94,67,50,61,2.7,8,6,11,39,94,89,61,83,3.1,3),(19,'2023-01-15 12:00:00','Lille','Troyes',10,6,22,44,94,78,56,67,3.0,1,6,11,33,94,89,67,78,3.6,6),(19,'2023-01-15 14:00:00','Reims','Nice',16,17,33,61,83,67,39,61,2.4,18,6,33,61,94,67,39,61,2.3,0),(19,'2023-01-15 14:00:00','Toulouse','Brest',3,0,6,33,100,94,67,56,3.4,13,11,33,50,89,67,50,61,2.8,2),(19,'2023-01-15 14:00:00','Montpellier','Nantes',2,0,6,33,100,94,67,67,3.6,18,22,33,56,78,67,44,56,2.3,3),(19,'2023-01-15 14:00:00','Angers','Clermont',8,6,22,33,94,78,67,56,3.1,15,6,22,50,94,78,50,61,2.7,3),(19,'2023-01-15 16:05:00','Monaco','AC Ajaccio',5,0,11,44,100,89,56,67,3.3,19,6,39,56,94,61,44,44,2.3,8),(19,'2023-01-15 19:45:00','Rennes','PSG',10,0,6,28,100,94,72,78,3.1,4,6,22,33,94,78,67,44,3.4,1),(20,'2023-01-27 20:00:00','Lorient','Rennes',6,5,16,26,95,84,74,79,3.2,11,0,11,32,100,89,68,74,2.9,3),(20,'2023-01-28 16:00:00','Troyes','Lens',1,5,11,32,95,89,68,79,3.7,17,16,47,53,84,53,47,47,2.4,2),(20,'2023-01-28 20:00:00','Marseille','Monaco',12,0,21,42,100,79,58,58,2.9,2,0,11,42,100,89,58,68,3.6,2),(20,'2023-01-29 12:00:00','Nice','Lille',20,11,37,63,89,63,37,58,2.2,6,5,21,42,95,79,58,68,3.2,1),(20,'2023-01-29 14:00:00','Auxerre','Montpellier',11,0,21,42,100,79,58,58,3.0,2,0,5,32,100,95,68,63,3.6,2),(20,'2023-01-29 14:00:00','Clermont','Nantes',15,5,21,47,95,79,53,63,2.7,17,21,32,53,79,68,47,53,2.4,0),(20,'2023-01-29 14:00:00','Brest','Angers',13,11,32,53,89,68,47,63,2.8,8,5,21,32,95,79,68,58,3.1,4),(20,'2023-01-29 14:00:00','Strasbourg','Toulouse',9,5,11,37,95,89,63,84,3.1,5,0,5,37,100,95,63,58,3.3,3),(20,'2023-01-29 16:05:00','AC Ajaccio','Lyon',15,5,37,53,95,63,47,47,2.6,14,5,32,47,95,68,53,63,2.7,2),(20,'2023-01-29 19:45:00','PSG','Reims',4,5,26,37,95,74,63,42,3.3,18,21,37,63,79,63,37,58,2.3,2),(21,'2023-02-01 18:00:00','Reims','Lorient',18,20,35,65,80,65,35,60,2.3,6,5,15,25,95,85,75,80,3.2,6),(21,'2023-02-01 18:00:00','Toulouse','Troyes',5,0,5,35,100,95,65,60,3.3,1,5,10,35,95,90,65,80,3.6,5),(21,'2023-02-01 18:00:00','Angers','AC Ajaccio',8,5,20,30,95,80,70,55,3.1,15,5,35,55,95,65,45,45,2.6,3),(21,'2023-02-01 18:00:00','Nantes','Marseille',19,25,35,55,75,65,45,50,2.3,13,0,20,45,100,80,55,60,2.9,2),(21,'2023-02-01 18:00:00','Lille','Clermont',7,5,25,45,95,75,55,65,3.1,16,10,25,50,90,75,50,60,2.6,0),(21,'2023-02-01 20:00:00','Rennes','Strasbourg',9,0,10,30,100,90,70,75,3.0,8,5,10,35,95,90,65,85,3.1,3),(21,'2023-02-01 20:00:00','Monaco','Auxerre',2,0,10,45,100,90,55,70,3.5,10,0,20,45,100,80,55,55,3.0,5),(21,'2023-02-01 20:00:00','Lyon','Brest',14,5,30,50,95,70,50,60,2.7,12,10,30,50,90,70,50,60,2.9,0),(21,'2023-02-01 20:00:00','Lens','Nice',17,15,45,55,85,55,45,50,2.4,19,10,40,65,90,60,35,55,2.2,1),(21,'2023-02-01 20:00:00','Montpellier','PSG',3,0,5,35,100,95,65,60,3.5,6,5,25,40,95,75,60,45,3.2,4),(22,'2023-02-04 16:00:00','PSG','Toulouse',6,5,24,38,95,76,62,48,3.2,4,0,5,33,100,95,67,62,3.4,3),(22,'2023-02-04 18:00:00','Troyes','Lyon',1,5,10,33,95,90,67,81,3.7,16,10,33,52,90,67,48,57,2.5,4),(22,'2023-02-04 20:00:00','Rennes','Lille',9,0,10,29,100,90,71,71,3.0,11,10,29,48,90,71,52,62,2.9,4),(22,'2023-02-05 12:00:00','Clermont','Monaco',17,14,29,52,86,71,48,57,2.4,2,0,10,43,100,90,57,71,3.6,2),(22,'2023-02-05 14:00:00','Auxerre','Reims',11,0,19,43,100,81,57,57,3.0,16,19,33,62,81,67,38,62,2.5,0),(22,'2023-02-05 14:00:00','AC Ajaccio','Nantes',15,5,33,52,95,67,48,48,2.6,19,24,33,57,76,67,43,48,2.2,2),(22,'2023-02-05 14:00:00','Lorient','Angers',5,5,14,24,95,86,76,81,3.3,7,5,19,29,95,81,71,57,3.1,0),(22,'2023-02-05 14:00:00','Strasbourg','Montpellier',9,5,10,33,95,90,67,81,3.0,3,0,5,33,100,95,67,62,3.5,2),(22,'2023-02-05 16:05:00','Brest','Lens',13,14,33,52,86,67,48,57,2.7,18,14,48,57,86,52,43,48,2.3,2),(22,'2023-02-05 19:45:00','Marseille','Nice',12,0,19,48,100,81,52,57,2.8,20,10,43,67,90,57,33,52,2.1,4),(23,'2023-02-10 20:00:00','Nice','AC Ajaccio',19,9,41,64,91,59,36,55,2.2,15,5,32,55,95,68,45,45,2.6,3),(23,'2023-02-11 16:00:00','Monaco','PSG',2,0,9,45,100,91,55,68,3.5,5,5,23,36,95,77,64,50,3.2,4),(23,'2023-02-11 20:00:00','Clermont','Marseille',17,14,27,55,86,73,45,55,2.4,11,0,18,45,100,82,55,59,2.9,2),(23,'2023-02-12 12:00:00','Toulouse','Rennes',4,0,5,32,100,95,68,64,3.4,10,0,9,27,100,91,73,73,3.0,4),(23,'2023-02-12 14:00:00','Lille','Strasbourg',7,9,27,45,91,73,55,64,3.0,9,5,9,36,95,91,64,77,3.0,2),(23,'2023-02-12 14:00:00','Montpellier','Brest',3,0,5,36,100,95,64,59,3.5,13,14,32,55,86,68,45,59,2.7,3),(23,'2023-02-12 14:00:00','Reims','Troyes',16,23,36,64,77,64,36,59,2.4,1,5,9,32,95,91,68,82,3.7,4),(23,'2023-02-12 14:00:00','Angers','Auxerre',7,9,23,32,91,77,68,55,3.0,11,5,23,45,95,77,55,55,2.9,2),(23,'2023-02-12 16:05:00','Nantes','Lorient',20,23,32,59,77,68,41,45,2.2,6,9,18,27,91,82,73,77,3.1,1),(23,'2023-02-12 19:45:00','Lyon','Lens',14,9,32,50,91,68,50,59,2.6,18,14,45,59,86,55,41,50,2.3,3),(24,'2023-02-17 20:00:00','Auxerre','Lyon',11,4,22,48,96,78,52,57,2.9,14,9,30,48,91,70,52,61,2.6,3),(24,'2023-02-18 16:00:00','Nice','Reims',19,9,39,61,91,61,39,52,2.2,16,22,35,61,78,65,39,57,2.4,0),(24,'2023-02-18 20:00:00','Strasbourg','Angers',6,4,9,39,96,91,61,74,3.0,10,9,22,35,91,78,65,57,2.9,3),(24,'2023-02-19 12:00:00','PSG','Lille',5,4,22,35,96,78,65,52,3.3,9,9,26,48,91,74,52,61,2.9,7),(24,'2023-02-19 14:00:00','Brest','Monaco',13,13,30,52,87,70,48,57,2.7,2,0,9,43,100,91,57,70,3.5,3),(24,'2023-02-19 14:00:00','Lorient','AC Ajaccio',8,9,22,30,91,78,70,74,3.0,15,4,30,52,96,70,48,43,2.6,3),(24,'2023-02-19 14:00:00','Rennes','Clermont',9,0,9,26,100,91,74,74,3.0,16,13,26,57,87,74,43,52,2.4,2),(24,'2023-02-19 14:00:00','Troyes','Montpellier',1,4,9,30,96,91,70,78,3.7,5,0,4,35,100,96,65,57,3.4,1),(24,'2023-02-19 16:05:00','Lens','Nantes',18,13,43,57,87,57,43,52,2.3,19,22,35,61,78,65,39,43,2.2,4),(24,'2023-02-19 19:45:00','Toulouse','Marseille',4,0,4,30,100,96,70,65,3.4,12,0,17,48,100,83,52,57,2.8,5),(25,'2023-02-24 20:00:00','Lille','Brest',6,8,25,46,92,75,54,63,3.1,13,13,29,50,88,71,50,58,2.7,3),(25,'2023-02-25 16:00:00','Angers','Lyon',10,8,21,33,92,79,67,58,2.9,14,8,29,46,92,71,54,63,2.6,4),(25,'2023-02-25 20:00:00','Montpellier','Lens',5,0,8,38,100,92,63,54,3.3,16,13,42,54,88,58,46,54,2.4,2),(25,'2023-02-26 12:00:00','Lorient','Auxerre',9,8,21,29,92,79,71,71,3.0,12,4,21,46,96,79,54,58,2.9,1),(25,'2023-02-26 14:00:00','Clermont','Strasbourg',17,13,25,58,88,75,42,50,2.4,8,4,8,38,96,92,63,75,3.0,2),(25,'2023-02-26 14:00:00','AC Ajaccio','Troyes',15,4,29,50,96,71,50,42,2.6,1,4,13,33,96,88,67,75,3.6,3),(25,'2023-02-26 14:00:00','Nantes','Rennes',19,21,33,58,79,67,42,46,2.3,9,0,8,29,100,92,71,71,3.0,1),(25,'2023-02-26 14:00:00','Reims','Toulouse',18,25,38,63,75,63,38,54,2.3,3,0,4,29,100,96,71,67,3.5,3),(25,'2023-02-26 16:05:00','Monaco','Nice',2,0,8,42,100,92,58,71,3.5,20,13,42,63,88,58,38,50,2.1,3),(25,'2023-02-26 19:45:00','Marseille','PSG',11,0,17,46,100,83,54,58,2.9,3,4,21,33,96,79,67,54,3.4,3),(26,'2023-03-03 20:00:00','Nice','Auxerre',19,12,40,60,88,60,40,48,2.2,12,4,24,48,96,76,52,56,2.8,2),(26,'2023-03-04 16:00:00','Lens','Lille',17,12,40,56,88,60,44,56,2.4,6,8,24,44,92,76,56,64,3.1,2),(26,'2023-03-04 20:00:00','PSG','Nantes',3,4,20,32,96,80,68,52,3.4,20,20,36,60,80,64,40,44,2.2,6),(26,'2023-03-05 12:00:00','Troyes','Monaco',1,4,12,32,96,88,68,76,3.6,2,0,8,40,100,92,60,68,3.5,4),(26,'2023-03-05 14:00:00','Strasbourg','Brest',9,4,8,40,96,92,60,76,2.9,14,12,28,48,88,72,52,60,2.7,1),(26,'2023-03-05 14:00:00','Reims','AC Ajaccio',16,24,36,60,76,64,40,52,2.4,15,4,28,48,96,72,52,44,2.6,1),(26,'2023-03-05 14:00:00','Toulouse','Clermont',4,0,4,28,100,96,72,64,3.4,16,12,24,60,88,76,40,52,2.4,1),(26,'2023-03-05 14:00:00','Montpellier','Angers',5,0,8,40,100,92,60,56,3.3,7,8,20,32,92,80,68,60,3.0,5),(26,'2023-03-05 16:05:00','Lyon','Lorient',13,8,28,44,92,72,56,64,2.7,8,8,24,32,92,76,68,68,3.0,0),(26,'2023-03-05 19:45:00','Rennes','Marseille',8,0,12,32,100,88,68,68,2.9,9,0,16,44,100,84,56,56,2.9,1),(27,'2023-03-10 20:00:00','Lille','Lyon',6,8,23,46,92,77,54,65,3.0,14,12,31,46,88,69,54,62,2.6,6),(27,'2023-03-11 16:00:00','Auxerre','Rennes',12,4,23,50,96,77,50,58,2.8,10,0,15,35,100,85,65,65,2.8,0),(27,'2023-03-11 20:00:00','Brest','PSG',12,12,31,50,88,69,50,58,2.7,3,4,19,31,96,81,69,54,3.5,3),(27,'2023-03-12 12:00:00','Clermont','Lens',19,12,27,62,88,73,38,50,2.3,18,12,38,58,88,62,42,58,2.3,4),(27,'2023-03-12 14:00:00','AC Ajaccio','Montpellier',15,4,31,50,96,69,50,42,2.6,5,0,8,38,100,92,62,54,3.3,1),(27,'2023-03-12 14:00:00','Nantes','Nice',19,19,35,58,81,65,42,46,2.3,20,12,38,62,88,62,38,50,2.2,4),(27,'2023-03-12 14:00:00','Lorient','Troyes',9,12,27,35,88,73,65,65,2.8,1,4,12,31,96,88,69,77,3.6,2),(27,'2023-03-12 14:00:00','Angers','Toulouse',7,8,19,31,92,81,69,58,3.0,4,0,8,31,100,92,69,62,3.3,2),(27,'2023-03-12 16:05:00','Monaco','Reims',1,0,8,38,100,92,62,69,3.5,19,23,38,62,77,62,38,50,2.3,1),(27,'2023-03-12 19:45:00','Marseille','Strasbourg',10,0,19,46,100,81,54,54,2.8,8,4,12,42,96,88,58,73,2.8,4),(28,'2023-03-17 20:00:00','Lyon','Nantes',11,11,30,44,89,70,56,63,2.7,16,19,33,56,81,67,44,48,2.4,2),(28,'2023-03-18 16:00:00','Toulouse','Lille',4,0,7,33,100,93,67,59,3.3,6,7,22,44,93,78,56,67,3.1,2),(28,'2023-03-18 20:00:00','Lens','Angers',17,11,37,56,89,63,44,56,2.4,7,7,19,33,93,81,67,56,3.0,3),(28,'2023-03-19 12:00:00','AC Ajaccio','Monaco',15,4,33,52,96,67,48,41,2.5,3,0,11,41,100,89,59,67,3.4,2),(28,'2023-03-19 14:00:00','Troyes','Brest',1,4,11,33,96,89,67,74,3.5,12,11,30,48,89,70,52,59,2.7,4),(28,'2023-03-19 14:00:00','Strasbourg','Auxerre',8,4,11,41,96,89,59,74,2.9,14,7,26,52,93,74,48,56,2.7,2),(28,'2023-03-19 14:00:00','Nice','Lorient',20,11,37,59,89,63,41,52,2.2,10,11,26,37,89,74,63,63,2.8,2),(28,'2023-03-19 14:00:00','Montpellier','Clermont',5,0,11,41,100,89,59,52,3.3,18,11,26,59,89,74,41,48,2.4,3),(28,'2023-03-19 16:05:00','PSG','Rennes',2,4,19,30,96,81,70,56,3.5,13,4,19,37,96,81,63,63,2.7,2),(28,'2023-03-19 19:45:00','Reims','Marseille',19,22,41,63,78,59,37,48,2.3,9,0,19,44,100,81,56,56,2.9,3),(29,'2023-03-31 19:00:00','Marseille','Montpellier',9,0,18,43,100,82,57,57,2.9,5,0,11,39,100,89,61,54,3.3,2),(29,'2023-04-01 15:00:00','Auxerre','Troyes',14,7,25,54,93,75,46,54,2.6,1,4,11,32,96,89,68,75,3.5,1),(29,'2023-04-01 19:00:00','Rennes','Lens',13,4,18,39,96,82,61,61,2.7,17,11,36,54,89,64,46,54,2.4,1),(29,'2023-04-02 11:00:00','Lille','Lorient',6,7,21,46,93,79,54,64,3.1,10,11,25,39,89,75,61,64,2.8,4),(29,'2023-04-02 13:00:00','Clermont','AC Ajaccio',17,11,25,57,89,75,43,50,2.4,15,4,32,54,96,68,46,39,2.5,3),(29,'2023-04-02 13:00:00','Brest','Toulouse',12,11,29,46,89,71,54,61,2.7,4,0,7,36,100,93,64,57,3.3,4),(29,'2023-04-02 13:00:00','Angers','Nice',7,7,18,32,93,82,68,54,3.0,20,11,36,61,89,64,39,54,2.2,2),(29,'2023-04-02 13:00:00','Nantes','Reims',16,18,32,57,82,68,43,50,2.4,19,21,39,61,79,61,39,50,2.3,3),(29,'2023-04-02 15:05:00','Monaco','Strasbourg',2,0,11,43,100,89,57,64,3.4,9,4,11,43,96,89,57,71,2.9,7),(29,'2023-04-02 18:45:00','PSG','Lyon',2,4,18,32,96,82,68,54,3.4,13,11,29,46,89,71,54,64,2.7,1),(30,'2023-04-07 19:00:00','Lens','Strasbourg',17,10,38,55,90,62,45,52,2.4,7,3,10,41,97,90,59,72,3.0,3),(30,'2023-04-08 15:00:00','Angers','Lille',8,7,17,34,93,83,66,55,3.0,6,7,21,45,93,79,55,66,3.1,1),(30,'2023-04-08 19:00:00','Nice','PSG',20,10,34,62,90,66,38,55,2.2,3,3,21,34,97,79,66,52,3.3,2),(30,'2023-04-09 11:00:00','Lyon','Rennes',13,10,31,48,90,69,52,62,2.6,12,3,21,41,97,79,59,59,2.7,4),(30,'2023-04-09 13:00:00','Troyes','Clermont',2,3,14,34,97,86,66,72,3.4,18,10,24,55,90,76,45,52,2.4,2),(30,'2023-04-09 13:00:00','Reims','Brest',19,21,38,59,79,62,41,48,2.3,10,10,28,45,90,72,55,62,2.8,2),(30,'2023-04-09 13:00:00','Montpellier','Toulouse',5,0,10,41,100,90,59,55,3.2,4,0,7,34,100,93,66,59,3.3,3),(30,'2023-04-09 13:00:00','AC Ajaccio','Auxerre',15,3,31,52,97,69,48,41,2.5,14,7,28,55,93,72,45,52,2.6,3),(30,'2023-04-09 15:05:00','Nantes','Monaco',16,17,31,55,83,69,45,48,2.4,1,0,10,41,100,90,59,66,3.5,4),(30,'2023-04-09 18:45:00','Lorient','Marseille',10,10,24,38,90,76,62,66,2.8,9,0,17,45,100,83,55,59,2.9,0),(31,'2023-04-14 19:00:00','Toulouse','Lyon',4,0,7,33,100,93,67,60,3.3,10,10,30,47,90,70,53,63,2.7,3),(31,'2023-04-15 15:00:00','Rennes','Reims',11,3,20,40,97,80,60,60,2.7,19,20,37,60,80,63,40,50,2.3,3),(31,'2023-04-15 19:00:00','PSG','Lens',3,3,20,37,97,80,63,50,3.3,17,10,37,53,90,63,47,53,2.4,4),(31,'2023-04-16 11:00:00','Lille','Montpellier',6,7,23,47,93,77,53,63,3.1,5,0,10,40,100,90,60,57,3.2,3),(31,'2023-04-16 13:00:00','Strasbourg','AC Ajaccio',7,3,10,40,97,90,60,73,3.0,16,3,30,50,97,70,50,40,2.5,4),(31,'2023-04-16 13:00:00','Clermont','Angers',18,10,23,57,90,77,43,50,2.4,8,7,20,37,93,80,63,53,2.9,3),(31,'2023-04-16 13:00:00','Brest','Nice',13,10,27,47,90,73,53,63,2.7,20,10,33,63,90,67,37,53,2.2,1),(31,'2023-04-16 13:00:00','Auxerre','Nantes',15,7,27,53,93,73,47,50,2.6,17,17,30,53,83,70,47,50,2.5,3),(31,'2023-04-16 15:05:00','Monaco','Lorient',1,0,10,40,100,90,60,67,3.5,10,13,27,40,87,73,60,63,2.7,4),(31,'2023-04-16 18:45:00','Marseille','Troyes',10,3,20,47,97,80,53,57,2.8,2,3,13,37,97,87,63,70,3.4,4),(32,'2023-04-21 19:00:00','Angers','PSG',8,6,19,35,94,81,65,55,2.9,3,3,19,35,97,81,65,52,3.3,3),(32,'2023-04-22 15:00:00','Auxerre','Lille',15,6,26,52,94,74,48,52,2.6,6,6,23,45,94,77,55,65,3.1,2),(32,'2023-04-22 19:00:00','Lens','Monaco',16,10,35,52,90,65,48,55,2.5,1,0,10,39,100,90,61,68,3.5,3),(32,'2023-04-23 11:00:00','Reims','Strasbourg',19,19,35,58,81,65,42,48,2.3,7,3,10,39,97,90,61,74,3.0,2),(32,'2023-04-23 13:00:00','Nice','Clermont',20,10,35,65,90,65,35,52,2.2,18,10,23,55,90,77,45,52,2.4,3),(32,'2023-04-23 13:00:00','Nantes','Troyes',17,16,29,52,84,71,48,52,2.5,2,3,13,35,97,87,65,71,3.4,4),(32,'2023-04-23 13:00:00','Lorient','Toulouse',9,13,26,39,87,74,61,65,2.8,4,0,6,32,100,94,68,61,3.3,1),(32,'2023-04-23 13:00:00','AC Ajaccio','Brest',14,3,29,48,97,71,52,42,2.6,13,10,29,48,90,71,52,61,2.7,0),(32,'2023-04-23 15:05:00','Montpellier','Rennes',5,0,10,39,100,90,61,58,3.2,11,3,19,39,97,81,61,58,2.7,1),(32,'2023-04-23 18:45:00','Lyon','Marseille',12,10,29,45,90,71,55,65,2.7,9,3,19,45,97,81,55,58,2.8,3);
/*!40000 ALTER TABLE `overall_stats_dataset` ENABLE KEYS */;
UNLOCK TABLES;

--
-- Table structure for table `results`
--

DROP TABLE IF EXISTS `results`;
/*!40101 SET @saved_cs_client     = @@character_set_client */;
/*!40101 SET character_set_client = utf8 */;
CREATE TABLE `results` (
  `mp` tinyint(3) unsigned NOT NULL,
  `date_time` datetime NOT NULL,
  `home_team` varchar(30) NOT NULL,
  `away_team` varchar(30) NOT NULL,
  `1st_home_goal` tinyint(3) unsigned NOT NULL,
  `1st_away_goal` tinyint(3) unsigned NOT NULL,
  `1st_total_goal` tinyint(3) unsigned NOT NULL,
  `2nd_home_goal` tinyint(3) unsigned NOT NULL,
  `2nd_away_goal` tinyint(3) unsigned NOT NULL,
  `2nd_total_goal` tinyint(3) unsigned NOT NULL,
  `total_home_goal` tinyint(3) unsigned NOT NULL,
  `total_away_goal` tinyint(3) unsigned NOT NULL,
  `global` tinyint(3) unsigned NOT NULL,
  PRIMARY KEY (`date_time`,`home_team`,`away_team`),
  KEY `fk__results__overall_stats` (`home_team`),
  CONSTRAINT `fk__results__overall_stats` FOREIGN KEY (`home_team`) REFERENCES `overall_stats` (`team`) ON DELETE CASCADE ON UPDATE CASCADE
) ENGINE=InnoDB DEFAULT CHARSET=utf8mb4 COLLATE=utf8mb4_general_ci;
/*!40101 SET character_set_client = @saved_cs_client */;

--
-- Dumping data for table `results`
--

LOCK TABLES `results` WRITE;
/*!40000 ALTER TABLE `results` DISABLE KEYS */;
INSERT INTO `results` VALUES (1,'2022-08-05 19:00:00','Lyon','AC Ajaccio',2,1,3,0,0,0,2,1,3),(1,'2022-08-06 15:00:00','Strasbourg','Monaco',0,1,1,1,1,2,1,2,3),(1,'2022-08-06 19:00:00','Clermont','PSG',0,3,3,0,2,2,0,5,5),(1,'2022-08-07 11:00:00','Toulouse','Nice',1,0,1,0,1,1,1,1,2),(1,'2022-08-07 13:00:00','Angers','Nantes',0,0,0,0,0,0,0,0,0),(1,'2022-08-07 13:00:00','Lens','Brest',1,0,1,2,2,4,3,2,5),(1,'2022-08-07 13:00:00','Lille','Auxerre',3,0,3,1,1,2,4,1,5),(1,'2022-08-07 13:00:00','Montpellier','Troyes',2,2,4,1,0,1,3,2,5),(1,'2022-08-07 15:05:00','Rennes','Lorient',0,0,0,0,1,1,0,1,1),(1,'2022-08-07 18:45:00','Marseille','Reims',2,0,2,2,1,3,4,1,5),(2,'2022-08-12 19:00:00','Nantes','Lille',1,0,1,0,1,1,1,1,2),(2,'2022-08-13 15:00:00','Monaco','Rennes',0,0,0,1,1,2,1,1,2),(2,'2022-08-13 19:00:00','PSG','Montpellier',2,0,2,3,2,5,5,2,7),(2,'2022-08-14 13:00:00','AC Ajaccio','Lens',0,0,0,0,0,0,0,0,0),(2,'2022-08-14 13:00:00','Auxerre','Angers',2,1,3,0,1,1,2,2,4),(2,'2022-08-14 13:00:00','Reims','Clermont',2,0,2,0,4,4,2,4,6),(2,'2022-08-14 13:00:00','Troyes','Toulouse',0,1,1,0,2,2,0,3,3),(2,'2022-08-14 15:05:00','Nice','Strasbourg',1,0,1,0,1,1,1,1,2),(2,'2022-08-14 18:45:00','Brest','Marseille',0,1,1,1,0,1,1,1,2),(3,'2022-08-19 19:00:00','Lyon','Troyes',1,1,2,3,0,3,4,1,5),(3,'2022-08-20 15:00:00','Monaco','Lens',1,2,3,0,2,2,1,4,5),(3,'2022-08-20 19:00:00','Marseille','Nantes',0,0,0,2,1,3,2,1,3),(3,'2022-08-21 11:00:00','Strasbourg','Reims',1,0,1,0,1,1,1,1,2),(3,'2022-08-21 13:00:00','Angers','Brest',0,2,2,1,1,2,1,3,4),(3,'2022-08-21 13:00:00','Clermont','Nice',1,0,1,0,0,0,1,0,1),(3,'2022-08-21 13:00:00','Montpellier','Auxerre',1,0,1,0,2,2,1,2,3),(3,'2022-08-21 13:00:00','Toulouse','Lorient',1,1,2,1,1,2,2,2,4),(3,'2022-08-21 15:05:00','Rennes','AC Ajaccio',1,0,1,1,1,2,2,1,3),(3,'2022-08-21 18:45:00','Lille','PSG',0,4,4,1,3,4,1,7,8),(4,'2022-08-26 19:00:00','AC Ajaccio','Lille',0,2,2,1,1,2,1,3,4),(4,'2022-08-27 15:00:00','Auxerre','Strasbourg',1,0,1,0,0,0,1,0,1),(4,'2022-08-27 19:00:00','Lens','Rennes',0,0,0,2,1,3,2,1,3),(4,'2022-08-28 11:00:00','Nantes','Toulouse',0,1,1,3,0,3,3,1,4),(4,'2022-08-28 13:00:00','Brest','Montpellier',0,5,5,0,2,2,0,7,7),(4,'2022-08-28 13:00:00','Lorient','Clermont',2,0,2,0,1,1,2,1,3),(4,'2022-08-28 13:00:00','Nice','Marseille',0,3,3,0,0,0,0,3,3),(4,'2022-08-28 13:00:00','Troyes','Angers',1,0,1,2,1,3,3,1,4),(4,'2022-08-28 15:05:00','Reims','Lyon',1,0,1,0,1,1,1,1,2),(4,'2022-08-28 18:45:00','PSG','Monaco',0,1,1,1,0,1,1,1,2),(5,'2022-08-31 17:00:00','Angers','Reims',0,2,2,2,2,4,2,4,6),(5,'2022-08-31 17:00:00','Lyon','Auxerre',1,0,1,1,1,2,2,1,3),(5,'2022-08-31 17:00:00','Monaco','Troyes',1,2,3,1,2,3,2,4,6),(5,'2022-08-31 17:00:00','Montpellier','AC Ajaccio',1,0,1,1,0,1,2,0,2),(5,'2022-08-31 17:00:00','Strasbourg','Nantes',1,0,1,0,1,1,1,1,2),(5,'2022-08-31 19:00:00','Lens','Lorient',2,1,3,3,1,4,5,2,7),(5,'2022-08-31 19:00:00','Lille','Nice',1,2,3,0,0,0,1,2,3),(5,'2022-08-31 19:00:00','Marseille','Clermont',0,0,0,1,0,1,1,0,1),(5,'2022-08-31 19:00:00','Rennes','Brest',0,0,0,3,1,4,3,1,4),(5,'2022-08-31 19:00:00','Toulouse','PSG',0,1,1,0,2,2,0,3,3),(6,'2022-09-03 15:00:00','Auxerre','Marseille',0,1,1,0,1,1,0,2,2),(6,'2022-09-03 17:00:00','Lyon','Angers',2,0,2,3,0,3,5,0,5),(6,'2022-09-03 19:00:00','Nantes','PSG',0,1,1,0,2,2,0,3,3),(6,'2022-09-04 11:00:00','Montpellier','Lille',1,1,2,0,2,2,1,3,4),(6,'2022-09-04 13:00:00','AC Ajaccio','Lorient',0,0,0,0,1,1,0,1,1),(6,'2022-09-04 13:00:00','Brest','Strasbourg',1,1,2,0,0,0,1,1,2),(6,'2022-09-04 13:00:00','Clermont','Toulouse',0,0,0,2,0,2,2,0,2),(6,'2022-09-04 13:00:00','Reims','Lens',0,0,0,1,1,2,1,1,2),(6,'2022-09-04 15:05:00','Troyes','Rennes',1,0,1,0,1,1,1,1,2),(6,'2022-09-04 18:45:00','Nice','Monaco',0,0,0,0,1,1,0,1,1),(2,'2022-09-07 17:00:00','Lorient','Lyon',2,1,3,1,0,1,3,1,4),(7,'2022-09-09 19:00:00','Lens','Troyes',1,0,1,0,0,0,1,0,1),(7,'2022-09-10 15:00:00','PSG','Brest',1,0,1,0,0,0,1,0,1),(7,'2022-09-10 19:00:00','Marseille','Lille',1,1,2,1,0,1,2,1,3),(7,'2022-09-11 11:00:00','Strasbourg','Clermont',0,0,0,0,0,0,0,0,0),(7,'2022-09-11 13:00:00','AC Ajaccio','Nice',0,0,0,0,1,1,0,1,1),(7,'2022-09-11 13:00:00','Angers','Montpellier',1,1,2,1,0,1,2,1,3),(7,'2022-09-11 13:00:00','Lorient','Nantes',1,1,2,2,1,3,3,2,5),(7,'2022-09-11 13:00:00','Toulouse','Reims',1,0,1,0,0,0,1,0,1),(7,'2022-09-11 15:05:00','Rennes','Auxerre',1,0,1,4,0,4,5,0,5),(7,'2022-09-11 18:45:00','Monaco','Lyon',0,0,0,2,1,3,2,1,3),(8,'2022-09-16 19:00:00','Auxerre','Lorient',0,3,3,1,0,1,1,3,4),(8,'2022-09-17 15:00:00','Montpellier','Strasbourg',1,0,1,1,1,2,2,1,3),(8,'2022-09-17 19:00:00','Lille','Toulouse',1,0,1,1,1,2,2,1,3),(8,'2022-09-18 11:00:00','Reims','Monaco',0,0,0,0,3,3,0,3,3),(8,'2022-09-18 13:00:00','Brest','AC Ajaccio',0,0,0,0,1,1,0,1,1),(8,'2022-09-18 13:00:00','Clermont','Troyes',1,1,2,0,2,2,1,3,4),(8,'2022-09-18 13:00:00','Marseille','Rennes',0,1,1,1,0,1,1,1,2),(8,'2022-09-18 13:00:00','Nice','Angers',0,1,1,0,0,0,0,1,1),(8,'2022-09-18 15:05:00','Nantes','Lens',0,0,0,0,0,0,0,0,0),(8,'2022-09-18 18:45:00','Lyon','PSG',0,1,1,0,0,0,0,1,1),(9,'2022-09-30 19:00:00','Angers','Marseille',0,1,1,0,2,2,0,3,3),(9,'2022-10-01 15:00:00','Strasbourg','Rennes',0,1,1,1,2,3,1,3,4),(9,'2022-10-01 19:00:00','PSG','Nice',1,0,1,1,1,2,2,1,3),(9,'2022-10-02 11:00:00','Lorient','Lille',1,0,1,1,1,2,2,1,3),(9,'2022-10-02 13:00:00','AC Ajaccio','Clermont',0,1,1,1,2,3,1,3,4),(9,'2022-10-02 13:00:00','Auxerre','Brest',0,0,0,1,1,2,1,1,2),(9,'2022-10-02 13:00:00','Toulouse','Montpellier',3,1,4,1,1,2,4,2,6),(9,'2022-10-02 13:00:00','Troyes','Reims',0,1,1,2,1,3,2,2,4),(9,'2022-10-02 15:05:00','Monaco','Nantes',3,0,3,1,1,2,4,1,5),(9,'2022-10-02 18:45:00','Lens','Lyon',0,0,0,1,0,1,1,0,1),(10,'2022-10-07 19:00:00','Lyon','Toulouse',1,0,1,0,1,1,1,1,2),(10,'2022-10-08 15:00:00','Marseille','AC Ajaccio',1,1,2,0,1,1,1,2,3),(10,'2022-10-08 19:00:00','Reims','PSG',0,0,0,0,0,0,0,0,0),(10,'2022-10-09 11:00:00','Montpellier','Monaco',0,1,1,0,1,1,0,2,2),(10,'2022-10-09 13:00:00','Angers','Strasbourg',1,2,3,1,1,2,2,3,5),(10,'2022-10-09 13:00:00','Brest','Lorient',1,1,2,0,1,1,1,2,3),(10,'2022-10-09 13:00:00','Clermont','Auxerre',0,0,0,2,1,3,2,1,3),(10,'2022-10-09 13:00:00','Nice','Troyes',2,0,2,1,2,3,3,2,5),(10,'2022-10-09 15:05:00','Rennes','Nantes',1,0,1,2,0,2,3,0,3),(10,'2022-10-09 18:45:00','Lille','Lens',1,0,1,0,0,0,1,0,1),(11,'2022-10-14 19:00:00','Strasbourg','Lille',0,1,1,0,2,2,0,3,3),(11,'2022-10-15 15:00:00','Lorient','Reims',0,0,0,0,0,0,0,0,0),(11,'2022-10-15 19:00:00','Lens','Montpellier',0,0,0,1,0,1,1,0,1),(11,'2022-10-16 11:00:00','Toulouse','Angers',2,1,3,1,1,2,3,2,5),(11,'2022-10-16 13:00:00','Auxerre','Nice',1,1,2,0,0,0,1,1,2),(11,'2022-10-16 13:00:00','Nantes','Brest',2,1,3,2,0,2,4,1,5),(11,'2022-10-16 13:00:00','Rennes','Lyon',1,1,2,2,1,3,3,2,5),(11,'2022-10-16 13:00:00','Troyes','AC Ajaccio',0,0,0,1,1,2,1,1,2),(11,'2022-10-16 15:05:00','Monaco','Clermont',1,0,1,0,1,1,1,1,2),(11,'2022-10-16 18:45:00','PSG','Marseille',1,0,1,0,0,0,1,0,1),(12,'2022-10-21 19:00:00','AC Ajaccio','PSG',0,1,1,0,2,2,0,3,3),(12,'2022-10-22 15:00:00','Montpellier','Lyon',0,1,1,1,1,2,1,2,3),(12,'2022-10-22 19:00:00','Marseille','Lens',0,0,0,0,1,1,0,1,1),(12,'2022-10-23 11:00:00','Angers','Rennes',0,1,1,1,1,2,1,2,3),(12,'2022-10-23 13:00:00','Clermont','Brest',0,1,1,1,2,3,1,3,4),(12,'2022-10-23 13:00:00','Reims','Auxerre',1,1,2,1,0,1,2,1,3),(12,'2022-10-23 13:00:00','Toulouse','Strasbourg',1,0,1,1,2,3,2,2,4),(12,'2022-10-23 13:00:00','Troyes','Lorient',1,0,1,1,2,3,2,2,4),(12,'2022-10-23 15:05:00','Nice','Nantes',0,0,0,1,1,2,1,1,2),(12,'2022-10-23 18:45:00','Lille','Monaco',2,2,4,2,1,3,4,3,7),(13,'2022-10-28 19:00:00','Lens','Toulouse',0,0,0,3,0,3,3,0,3),(13,'2022-10-29 15:00:00','PSG','Troyes',1,1,2,3,2,5,4,3,7),(13,'2022-10-29 19:00:00','Strasbourg','Marseille',0,2,2,2,0,2,2,2,4),(13,'2022-10-30 12:00:00','Auxerre','AC Ajaccio',1,0,1,0,0,0,1,0,1),(13,'2022-10-30 14:00:00','Brest','Reims',0,0,0,0,0,0,0,0,0),(13,'2022-10-30 14:00:00','Monaco','Angers',0,0,0,2,0,2,2,0,2),(13,'2022-10-30 14:00:00','Nantes','Clermont',0,0,0,1,1,2,1,1,2),(13,'2022-10-30 14:00:00','Rennes','Montpellier',2,0,2,1,0,1,3,0,3),(13,'2022-10-30 16:05:00','Lorient','Nice',1,0,1,0,2,2,1,2,3),(13,'2022-10-30 19:45:00','Lyon','Lille',0,0,0,1,0,1,1,0,1),(14,'2022-11-04 20:00:00','Troyes','Auxerre',1,0,1,0,1,1,1,1,2),(14,'2022-11-05 16:00:00','AC Ajaccio','Strasbourg',4,2,6,0,0,0,4,2,6),(14,'2022-11-05 20:00:00','Angers','Lens',0,1,1,1,1,2,1,2,3),(14,'2022-11-06 12:00:00','Lorient','PSG',0,1,1,1,1,2,1,2,3),(14,'2022-11-06 14:00:00','Clermont','Montpellier',0,1,1,1,0,1,1,1,2),(14,'2022-11-06 14:00:00','Nice','Brest',0,0,0,1,0,1,1,0,1),(14,'2022-11-06 14:00:00','Reims','Nantes',0,0,0,1,0,1,1,0,1),(14,'2022-11-06 14:00:00','Toulouse','Monaco',0,0,0,0,2,2,0,2,2),(14,'2022-11-06 16:05:00','Lille','Rennes',1,0,1,0,1,1,1,1,2),(14,'2022-11-06 19:45:00','Marseille','Lyon',1,0,1,0,0,0,1,0,1),(15,'2022-11-11 20:00:00','Lyon','Nice',0,1,1,1,0,1,1,1,2),(15,'2022-11-12 16:00:00','Lens','Clermont',0,1,1,2,0,2,2,1,3),(15,'2022-11-12 20:00:00','Rennes','Toulouse',1,0,1,1,1,2,2,1,3),(15,'2022-11-13 12:00:00','PSG','Auxerre',1,0,1,4,0,4,5,0,5),(15,'2022-11-13 14:00:00','Brest','Troyes',0,0,0,2,1,3,2,1,3),(15,'2022-11-13 14:00:00','Lille','Angers',1,0,1,0,0,0,1,0,1),(15,'2022-11-13 14:00:00','Montpellier','Reims',0,0,0,1,1,2,1,1,2),(15,'2022-11-13 14:00:00','Nantes','AC Ajaccio',0,0,0,2,2,4,2,2,4),(15,'2022-11-13 16:05:00','Strasbourg','Lorient',0,1,1,1,0,1,1,1,2),(15,'2022-11-13 19:45:00','Monaco','Marseille',1,1,2,1,2,3,2,3,5),(16,'2022-12-28 14:00:00','AC Ajaccio','Angers',1,0,1,0,0,0,1,0,1),(16,'2022-12-28 14:00:00','Troyes','Nantes',0,0,0,0,0,0,0,0,0),(16,'2022-12-28 16:00:00','Auxerre','Monaco',1,1,2,1,2,3,2,3,5),(16,'2022-12-28 18:00:00','Clermont','Lille',0,0,0,0,2,2,0,2,2),(16,'2022-12-28 20:00:00','Brest','Lyon',1,3,4,1,1,2,2,4,6),(16,'2022-12-28 20:00:00','PSG','Strasbourg',1,0,1,1,1,2,2,1,3),(16,'2022-12-29 16:00:00','Lorient','Montpellier',0,2,2,0,0,0,0,2,2),(16,'2022-12-29 18:00:00','Reims','Rennes',2,1,3,1,0,1,3,1,4),(16,'2022-12-29 20:00:00','Marseille','Toulouse',2,0,2,4,1,5,6,1,7),(16,'2022-12-29 20:00:00','Nice','Lens',0,0,0,0,0,0,0,0,0),(17,'2023-01-01 14:00:00','Angers','Lorient',1,0,1,0,2,2,1,2,3),(17,'2023-01-01 14:00:00','Monaco','Brest',0,0,0,1,0,1,1,0,1),(17,'2023-01-01 14:00:00','Nantes','Auxerre',0,0,0,1,0,1,1,0,1),(17,'2023-01-01 14:00:00','Toulouse','AC Ajaccio',0,0,0,2,0,2,2,0,2),(17,'2023-01-01 16:00:00','Lyon','Clermont',0,0,0,0,1,1,0,1,1),(17,'2023-01-01 19:45:00','Lens','PSG',2,1,3,1,0,1,3,1,4),(17,'2023-01-02 14:00:00','Strasbourg','Troyes',1,2,3,1,1,2,2,3,5),(17,'2023-01-02 16:00:00','Lille','Reims',1,0,1,0,1,1,1,1,2),(17,'2023-01-02 18:00:00','Montpellier','Marseille',0,0,0,1,2,3,1,2,3),(17,'2023-01-02 20:00:00','Rennes','Nice',1,1,2,1,0,1,2,1,3),(18,'2023-01-11 18:00:00','AC Ajaccio','Reims',0,1,1,0,0,0,0,1,1),(18,'2023-01-11 18:00:00','Auxerre','Toulouse',0,3,3,0,2,2,0,5,5),(18,'2023-01-11 18:00:00','Brest','Lille',0,0,0,0,0,0,0,0,0),(18,'2023-01-11 18:00:00','Clermont','Rennes',1,0,1,1,1,2,2,1,3),(18,'2023-01-11 18:00:00','Nantes','Lyon',0,0,0,0,0,0,0,0,0),(18,'2023-01-11 20:00:00','Lorient','Monaco',0,0,0,2,2,4,2,2,4),(18,'2023-01-11 20:00:00','Nice','Montpellier',2,0,2,4,1,5,6,1,7),(18,'2023-01-11 20:00:00','PSG','Angers',1,0,1,1,0,1,2,0,2),(18,'2023-01-11 20:00:00','Strasbourg','Lens',2,2,4,0,0,0,2,2,4),(18,'2023-01-11 20:00:00','Troyes','Marseille',0,1,1,0,1,1,0,2,2),(19,'2023-01-14 16:00:00','Lens','Auxerre',0,0,0,1,0,1,1,0,1),(19,'2023-01-14 18:00:00','Marseille','Lorient',1,1,2,2,0,2,3,1,4),(19,'2023-01-14 20:00:00','Lyon','Strasbourg',1,2,3,0,0,0,1,2,3),(19,'2023-01-15 12:00:00','Lille','Troyes',2,0,2,3,1,4,5,1,6),(19,'2023-01-15 14:00:00','Angers','Clermont',0,1,1,1,1,2,1,2,3),(19,'2023-01-15 14:00:00','Montpellier','Nantes',0,1,1,0,2,2,0,3,3),(19,'2023-01-15 14:00:00','Reims','Nice',0,0,0,0,0,0,0,0,0),(19,'2023-01-15 14:00:00','Toulouse','Brest',0,1,1,1,0,1,1,1,2),(19,'2023-01-15 16:05:00','Monaco','AC Ajaccio',5,1,6,2,0,2,7,1,8),(19,'2023-01-15 19:45:00','Rennes','PSG',0,0,0,1,0,1,1,0,1),(20,'2023-01-27 20:00:00','Lorient','Rennes',2,0,2,0,1,1,2,1,3),(20,'2023-01-28 16:00:00','Troyes','Lens',0,0,0,1,1,2,1,1,2),(20,'2023-01-28 20:00:00','Marseille','Monaco',0,1,1,1,0,1,1,1,2),(20,'2023-01-29 12:00:00','Nice','Lille',1,0,1,0,0,0,1,0,1),(20,'2023-01-29 14:00:00','Auxerre','Montpellier',0,0,0,0,2,2,0,2,2),(20,'2023-01-29 14:00:00','Brest','Angers',2,0,2,2,0,2,4,0,4),(20,'2023-01-29 14:00:00','Clermont','Nantes',0,0,0,0,0,0,0,0,0),(20,'2023-01-29 14:00:00','Strasbourg','Toulouse',1,1,2,0,1,1,1,2,3),(20,'2023-01-29 16:05:00','AC Ajaccio','Lyon',0,1,1,0,1,1,0,2,2),(20,'2023-01-29 19:45:00','PSG','Reims',0,0,0,1,1,2,1,1,2),(21,'2023-02-01 18:00:00','Angers','AC Ajaccio',1,0,1,0,2,2,1,2,3),(21,'2023-02-01 18:00:00','Lille','Clermont',0,0,0,0,0,0,0,0,0),(21,'2023-02-01 18:00:00','Nantes','Marseille',0,0,0,0,2,2,0,2,2),(21,'2023-02-01 18:00:00','Reims','Lorient',1,2,3,3,0,3,4,2,6),(21,'2023-02-01 18:00:00','Toulouse','Troyes',2,1,3,2,0,2,4,1,5),(21,'2023-02-01 20:00:00','Lens','Nice',0,0,0,0,1,1,0,1,1),(21,'2023-02-01 20:00:00','Lyon','Brest',0,0,0,0,0,0,0,0,0),(21,'2023-02-01 20:00:00','Monaco','Auxerre',2,0,2,1,2,3,3,2,5),(21,'2023-02-01 20:00:00','Montpellier','PSG',0,0,0,1,3,4,1,3,4),(21,'2023-02-01 20:00:00','Rennes','Strasbourg',2,0,2,1,0,1,3,0,3),(22,'2023-02-04 16:00:00','PSG','Toulouse',1,1,2,1,0,1,2,1,3),(22,'2023-02-04 18:00:00','Troyes','Lyon',0,1,1,1,2,3,1,3,4),(22,'2023-02-04 20:00:00','Rennes','Lille',1,0,1,0,3,3,1,3,4),(22,'2023-02-05 12:00:00','Clermont','Monaco',0,2,2,0,0,0,0,2,2),(22,'2023-02-05 14:00:00','AC Ajaccio','Nantes',0,0,0,0,2,2,0,2,2),(22,'2023-02-05 14:00:00','Auxerre','Reims',0,0,0,0,0,0,0,0,0),(22,'2023-02-05 14:00:00','Lorient','Angers',0,0,0,0,0,0,0,0,0),(22,'2023-02-05 14:00:00','Strasbourg','Montpellier',2,0,2,0,0,0,2,0,2),(22,'2023-02-05 16:05:00','Brest','Lens',0,0,0,1,1,2,1,1,2),(22,'2023-02-05 19:45:00','Marseille','Nice',0,2,2,1,1,2,1,3,4),(23,'2023-02-10 20:00:00','Nice','AC Ajaccio',1,0,1,2,0,2,3,0,3),(23,'2023-02-11 16:00:00','Monaco','PSG',3,1,4,0,0,0,3,1,4),(23,'2023-02-11 20:00:00','Clermont','Marseille',0,1,1,0,1,1,0,2,2),(23,'2023-02-12 12:00:00','Toulouse','Rennes',3,0,3,0,1,1,3,1,4),(23,'2023-02-12 14:00:00','Angers','Auxerre',1,1,2,0,0,0,1,1,2),(23,'2023-02-12 14:00:00','Lille','Strasbourg',2,0,2,0,0,0,2,0,2),(23,'2023-02-12 14:00:00','Montpellier','Brest',2,0,2,1,0,1,3,0,3),(23,'2023-02-12 14:00:00','Reims','Troyes',2,0,2,2,0,2,4,0,4),(23,'2023-02-12 16:05:00','Nantes','Lorient',0,0,0,1,0,1,1,0,1),(23,'2023-02-12 19:45:00','Lyon','Lens',1,1,2,1,0,1,2,1,3),(24,'2023-02-17 20:00:00','Auxerre','Lyon',0,1,1,2,0,2,2,1,3),(24,'2023-02-18 16:00:00','Nice','Reims',0,0,0,0,0,0,0,0,0),(24,'2023-02-18 20:00:00','Strasbourg','Angers',2,0,2,0,1,1,2,1,3),(24,'2023-02-19 12:00:00','PSG','Lille',2,1,3,2,2,4,4,3,7),(24,'2023-02-19 14:00:00','Brest','Monaco',0,1,1,1,1,2,1,2,3),(24,'2023-02-19 14:00:00','Lorient','AC Ajaccio',2,0,2,1,0,1,3,0,3),(24,'2023-02-19 14:00:00','Rennes','Clermont',1,0,1,1,0,1,2,0,2),(24,'2023-02-19 14:00:00','Troyes','Montpellier',0,0,0,0,1,1,0,1,1),(24,'2023-02-19 16:05:00','Lens','Nantes',2,1,3,1,0,1,3,1,4),(24,'2023-02-19 19:45:00','Toulouse','Marseille',1,0,1,1,3,4,2,3,5),(25,'2023-02-24 20:00:00','Lille','Brest',0,1,1,2,0,2,2,1,3),(25,'2023-02-25 16:00:00','Angers','Lyon',0,1,1,1,2,3,1,3,4),(25,'2023-02-25 20:00:00','Montpellier','Lens',0,1,1,1,0,1,1,1,2),(25,'2023-02-26 12:00:00','Lorient','Auxerre',0,0,0,0,1,1,0,1,1),(25,'2023-02-26 14:00:00','AC Ajaccio','Troyes',0,1,1,2,0,2,2,1,3),(25,'2023-02-26 14:00:00','Clermont','Strasbourg',0,1,1,1,0,1,1,1,2),(25,'2023-02-26 14:00:00','Nantes','Rennes',0,1,1,0,0,0,0,1,1),(25,'2023-02-26 14:00:00','Reims','Toulouse',2,0,2,1,0,1,3,0,3),(25,'2023-02-26 16:05:00','Monaco','Nice',0,3,3,0,0,0,0,3,3),(25,'2023-02-26 19:45:00','Marseille','PSG',0,2,2,0,1,1,0,3,3),(26,'2023-03-03 20:00:00','Nice','Auxerre',1,1,1,0,0,0,1,1,2),(26,'2023-03-04 16:00:00','Lens','Lille',1,0,1,0,1,1,1,1,2),(26,'2023-03-04 20:00:00','PSG','Nantes',2,2,4,2,0,2,4,2,6),(26,'2023-03-05 12:00:00','Troyes','Monaco',1,0,1,1,2,3,2,2,4),(26,'2023-03-05 14:00:00','Montpellier','Angers',3,0,3,2,0,2,5,0,5),(26,'2023-03-05 14:00:00','Reims','AC Ajaccio',0,0,0,1,0,1,1,0,1),(26,'2023-03-05 14:00:00','Strasbourg','Brest',0,1,1,0,0,0,0,1,1),(26,'2023-03-05 14:00:00','Toulouse','Clermont',0,0,0,0,1,1,0,1,1),(26,'2023-03-05 16:05:00','Lyon','Lorient',0,0,0,0,0,0,0,0,0),(26,'2023-03-05 19:45:00','Rennes','Marseille',0,0,0,0,1,1,0,1,1),(27,'2023-03-10 20:00:00','Lille','Lyon',0,0,0,3,3,6,3,3,6),(27,'2023-03-11 16:00:00','Auxerre','Rennes',0,0,0,0,0,0,0,0,0),(27,'2023-03-11 20:00:00','Brest','PSG',1,1,2,0,1,1,1,2,3),(27,'2023-03-12 12:00:00','Clermont','Lens',0,3,3,0,1,1,0,4,4),(27,'2023-03-12 14:00:00','AC Ajaccio','Montpellier',0,0,0,0,1,1,0,1,1),(27,'2023-03-12 14:00:00','Angers','Toulouse',0,1,1,0,1,1,0,2,2),(27,'2023-03-12 14:00:00','Lorient','Troyes',1,0,1,1,0,1,2,0,2),(27,'2023-03-12 14:00:00','Nantes','Nice',1,1,2,1,1,2,2,2,4),(27,'2023-03-12 16:05:00','Monaco','Reims',0,0,0,0,1,1,0,1,1),(27,'2023-03-12 19:45:00','Marseille','Strasbourg',0,0,0,2,2,4,2,2,4),(28,'2023-03-17 20:00:00','Lyon','Nantes',1,1,2,0,0,0,1,1,2),(28,'2023-03-18 16:00:00','Toulouse','Lille',0,0,0,0,2,2,0,2,2),(28,'2023-03-18 20:00:00','Lens','Angers',2,0,2,1,0,1,3,0,3),(28,'2023-03-19 12:00:00','AC Ajaccio','Monaco',0,1,1,0,1,1,0,2,2),(28,'2023-03-19 14:00:00','Montpellier','Clermont',0,1,1,2,0,2,2,1,3),(28,'2023-03-19 14:00:00','Nice','Lorient',0,1,1,1,0,1,1,1,2),(28,'2023-03-19 14:00:00','Strasbourg','Auxerre',1,0,1,1,0,1,2,0,2),(28,'2023-03-19 14:00:00','Troyes','Brest',2,1,3,0,1,1,2,2,4),(28,'2023-03-19 16:05:00','PSG','Rennes',0,1,1,0,1,1,0,2,2),(28,'2023-03-19 19:45:00','Reims','Marseille',1,2,3,0,0,0,1,2,3),(29,'2023-03-31 19:00:00','Marseille','Montpellier',1,1,2,0,0,0,1,1,2),(29,'2023-04-01 15:00:00','Auxerre','Troyes',0,0,0,1,0,1,1,0,1),(29,'2023-04-01 19:00:00','Rennes','Lens',0,1,1,0,0,0,0,1,1),(29,'2023-04-02 11:00:00','Lille','Lorient',1,0,1,2,1,3,3,1,4),(29,'2023-04-02 13:00:00','Angers','Nice',1,1,2,0,0,0,1,1,2),(29,'2023-04-02 13:00:00','Brest','Toulouse',1,1,2,2,0,2,3,1,4),(29,'2023-04-02 13:00:00','Clermont','AC Ajaccio',0,1,1,2,0,2,2,1,3),(29,'2023-04-02 13:00:00','Nantes','Reims',0,2,2,0,1,1,0,3,3),(29,'2023-04-02 15:05:00','Monaco','Strasbourg',1,2,3,3,1,4,4,3,7),(29,'2023-04-02 18:45:00','PSG','Lyon',0,0,0,0,1,1,0,1,1),(30,'2023-04-07 19:00:00','Lens','Strasbourg',1,0,1,1,1,2,2,1,3),(30,'2023-04-08 15:00:00','Angers','Lille',0,0,0,1,0,1,1,0,1),(30,'2023-04-08 19:00:00','Nice','PSG',0,1,1,0,1,1,0,2,2),(30,'2023-04-09 11:00:00','Lyon','Rennes',0,1,1,3,0,3,3,1,4),(30,'2023-04-09 13:00:00','AC Ajaccio','Auxerre',0,3,3,0,0,0,0,3,3),(30,'2023-04-09 13:00:00','Montpellier','Toulouse',0,1,1,1,1,2,1,2,3),(30,'2023-04-09 13:00:00','Reims','Brest',0,1,1,1,0,1,1,1,2),(30,'2023-04-09 13:00:00','Troyes','Clermont',0,2,2,0,0,0,0,2,2),(30,'2023-04-09 15:05:00','Nantes','Monaco',0,2,2,2,0,2,2,2,4),(30,'2023-04-09 18:45:00','Lorient','Marseille',0,0,0,0,0,0,0,0,0),(31,'2023-04-14 19:00:00','Toulouse','Lyon',1,1,2,0,1,1,1,2,3),(31,'2023-04-15 15:00:00','Rennes','Reims',2,0,2,1,0,1,3,0,3),(31,'2023-04-15 19:00:00','PSG','Lens',3,0,3,0,1,1,3,1,4),(31,'2023-04-16 11:00:00','Lille','Montpellier',0,1,1,2,0,2,2,1,3),(31,'2023-04-16 13:00:00','Auxerre','Nantes',2,0,2,0,1,1,2,1,3),(31,'2023-04-16 13:00:00','Brest','Nice',1,0,1,0,0,0,1,0,1),(31,'2023-04-16 13:00:00','Clermont','Angers',2,1,3,0,0,0,2,1,3),(31,'2023-04-16 13:00:00','Strasbourg','AC Ajaccio',1,0,1,2,1,3,3,1,4),(31,'2023-04-16 15:05:00','Monaco','Lorient',2,0,2,1,1,2,3,1,4),(31,'2023-04-16 18:45:00','Marseille','Troyes',2,0,2,1,1,2,3,1,4),(32,'2023-04-21 19:00:00','Angers','PSG',0,2,2,1,0,1,1,2,3),(32,'2023-04-22 15:00:00','Auxerre','Lille',0,1,1,1,0,1,1,1,2),(32,'2023-04-22 19:00:00','Lens','Monaco',2,0,2,1,0,1,3,0,3),(32,'2023-04-23 11:00:00','Reims','Strasbourg',0,2,2,0,0,0,0,2,2),(32,'2023-04-23 13:00:00','AC Ajaccio','Brest',0,0,0,0,0,0,0,0,0),(32,'2023-04-23 13:00:00','Lorient','Toulouse',0,0,0,0,1,1,0,1,1),(32,'2023-04-23 13:00:00','Nantes','Troyes',1,0,1,1,2,3,2,2,4),(32,'2023-04-23 13:00:00','Nice','Clermont',1,1,2,0,1,1,1,2,3),(32,'2023-04-23 15:05:00','Montpellier','Rennes',0,0,0,1,0,1,1,0,1),(32,'2023-04-23 18:45:00','Lyon','Marseille',0,1,1,1,1,2,1,2,3);
/*!40000 ALTER TABLE `results` ENABLE KEYS */;
UNLOCK TABLES;
/*!50003 SET @saved_cs_client      = @@character_set_client */ ;
/*!50003 SET @saved_cs_results     = @@character_set_results */ ;
/*!50003 SET @saved_col_connection = @@collation_connection */ ;
/*!50003 SET character_set_client  = utf8mb3 */ ;
/*!50003 SET character_set_results = utf8mb3 */ ;
/*!50003 SET collation_connection  = utf8mb3_general_ci */ ;
/*!50003 SET @saved_sql_mode       = @@sql_mode */ ;
/*!50003 SET sql_mode              = 'STRICT_TRANS_TABLES,ERROR_FOR_DIVISION_BY_ZERO,NO_AUTO_CREATE_USER,NO_ENGINE_SUBSTITUTION' */ ;
DELIMITER ;;
/*!50003 CREATE*/ /*!50017 DEFINER=`hh`@`localhost`*/ /*!50003 TRIGGER beforeInsert_results__dataset BEFORE INSERT ON results FOR EACH ROW
BEGIN
    DECLARE var_rank_ht, var_under0_ht, var_under1_ht, var_under2_ht, var_over0_ht, var_over1_ht, var_over2_ht, var_btts_ht TINYINT UNSIGNED;
    DECLARE var_rank_at, var_under0_at, var_under1_at, var_under2_at, var_over0_at, var_over1_at, var_over2_at, var_btts_at TINYINT UNSIGNED;
    DECLARE var_mean_ht, var_mean_at DECIMAL(2,1);

    SELECT ranking, under0_5, under1_5, under2_5, over0_5, over1_5, over2_5, btts, mean 
    INTO var_rank_ht, var_under0_ht, var_under1_ht, var_under2_ht, var_over0_ht, var_over1_ht, var_over2_ht, var_btts_ht, var_mean_ht
    FROM V_home_stats WHERE team = NEW.home_team;
    INSERT INTO home_stats_dataset
    VALUES (NEW.mp, NEW.date_time, NEW.home_team, NEW.away_team, var_rank_ht, var_under0_ht, var_under1_ht, var_under2_ht,
        var_over0_ht, var_over1_ht, var_over2_ht, var_btts_ht, var_mean_ht, NEW.global);
    SELECT ranking, under0_5, under1_5, under2_5, over0_5, over1_5, over2_5, btts, mean 
    INTO var_rank_ht, var_under0_ht, var_under1_ht, var_under2_ht, var_over0_ht, var_over1_ht, var_over2_ht, var_btts_ht, var_mean_ht
    FROM V_home_stats5 WHERE team = NEW.home_team;
    INSERT INTO home_stats5_dataset
    VALUES (NEW.mp, NEW.date_time, NEW.home_team, NEW.away_team, var_rank_ht, var_under0_ht, var_under1_ht, var_under2_ht,
        var_over0_ht, var_over1_ht, var_over2_ht, var_btts_ht, var_mean_ht, NEW.global);


    SELECT ranking, under0_5, under1_5, under2_5, over0_5, over1_5, over2_5, btts, mean 
    INTO var_rank_at, var_under0_at, var_under1_at, var_under2_at, var_over0_at, var_over1_at, var_over2_at, var_btts_at, var_mean_at
    FROM V_away_stats WHERE team = NEW.away_team;
    INSERT INTO away_stats_dataset
    VALUES (NEW.mp, NEW.date_time, NEW.home_team, NEW.away_team, var_rank_at, var_under0_at, var_under1_at, var_under2_at,
        var_over0_at, var_over1_at, var_over2_at, var_btts_at, var_mean_at, NEW.global);
    SELECT ranking, under0_5, under1_5, under2_5, over0_5, over1_5, over2_5, btts, mean 
    INTO var_rank_at, var_under0_at, var_under1_at, var_under2_at, var_over0_at, var_over1_at, var_over2_at, var_btts_at, var_mean_at
    FROM V_away_stats5 WHERE team = NEW.away_team;
    INSERT INTO away_stats5_dataset
    VALUES (NEW.mp, NEW.date_time, NEW.home_team, NEW.away_team, var_rank_at, var_under0_at, var_under1_at, var_under2_at,
        var_over0_at, var_over1_at, var_over2_at, var_btts_at, var_mean_at, NEW.global);


    SELECT ranking, under0_5, under1_5, under2_5, over0_5, over1_5, over2_5, btts, mean 
    INTO var_rank_ht, var_under0_ht, var_under1_ht, var_under2_ht, var_over0_ht, var_over1_ht, var_over2_ht, var_btts_ht, var_mean_ht
    FROM V_overall_stats WHERE team = NEW.home_team;
    SELECT ranking, under0_5, under1_5, under2_5, over0_5, over1_5, over2_5, btts, mean 
    INTO var_rank_at, var_under0_at, var_under1_at, var_under2_at, var_over0_at, var_over1_at, var_over2_at, var_btts_at, var_mean_at
    FROM V_overall_stats WHERE team = NEW.away_team;
    INSERT INTO overall_stats_dataset
    VALUES (NEW.mp, NEW.date_time, NEW.home_team, NEW.away_team, var_rank_ht, var_under0_ht, var_under1_ht, var_under2_ht, 
    var_over0_ht, var_over1_ht, var_over2_ht, var_btts_ht, var_mean_ht, var_rank_at, var_under0_at, var_under1_at, var_under2_at,
    var_over0_at, var_over1_at, var_over2_at, var_btts_at, var_mean_at, NEW.global);

    SELECT ranking, under0_5, under1_5, under2_5, over0_5, over1_5, over2_5, btts, mean 
    INTO var_rank_ht, var_under0_ht, var_under1_ht, var_under2_ht, var_over0_ht, var_over1_ht, var_over2_ht, var_btts_ht, var_mean_ht
    FROM V_overall_stats5 WHERE team = NEW.home_team;
    SELECT ranking, under0_5, under1_5, under2_5, over0_5, over1_5, over2_5, btts, mean 
    INTO var_rank_at, var_under0_at, var_under1_at, var_under2_at, var_over0_at, var_over1_at, var_over2_at, var_btts_at, var_mean_at
    FROM V_overall_stats5 WHERE team = NEW.away_team;
    INSERT INTO overall_stats5_dataset
    VALUES (NEW.mp, NEW.date_time, NEW.home_team, NEW.away_team, var_rank_ht, var_under0_ht, var_under1_ht, var_under2_ht, 
    var_over0_ht, var_over1_ht, var_over2_ht, var_btts_ht, var_mean_ht, var_rank_at, var_under0_at, var_under1_at, var_under2_at,
    var_over0_at, var_over1_at, var_over2_at, var_btts_at, var_mean_at, NEW.global);
END */;;
DELIMITER ;
/*!50003 SET sql_mode              = @saved_sql_mode */ ;
/*!50003 SET character_set_client  = @saved_cs_client */ ;
/*!50003 SET character_set_results = @saved_cs_results */ ;
/*!50003 SET collation_connection  = @saved_col_connection */ ;
/*!50003 SET @saved_cs_client      = @@character_set_client */ ;
/*!50003 SET @saved_cs_results     = @@character_set_results */ ;
/*!50003 SET @saved_col_connection = @@collation_connection */ ;
/*!50003 SET character_set_client  = utf8mb3 */ ;
/*!50003 SET character_set_results = utf8mb3 */ ;
/*!50003 SET collation_connection  = utf8mb3_general_ci */ ;
/*!50003 SET @saved_sql_mode       = @@sql_mode */ ;
/*!50003 SET sql_mode              = 'STRICT_TRANS_TABLES,ERROR_FOR_DIVISION_BY_ZERO,NO_AUTO_CREATE_USER,NO_ENGINE_SUBSTITUTION' */ ;
DELIMITER ;;
/*!50003 CREATE*/ /*!50017 DEFINER=`hh`@`localhost`*/ /*!50003 TRIGGER afterInsert__results__stats AFTER INSERT ON results FOR EACH ROW
BEGIN
    DECLARE total, var_under0, var_under1, var_under2, var_over0, var_over1, var_over2, var_btts TINYINT UNSIGNED;
    DECLARE var_mean DECIMAL(2,1);

    SELECT COUNT(home_team) INTO total
    FROM results WHERE home_team = NEW.home_team;
    SELECT COUNT(home_team) INTO var_under0
    FROM results WHERE home_team = NEW.home_team AND (global < 1);
UPDATE home_stats SET under0_5 = ((var_under0 / total) * 100) WHERE team = NEW.home_team;
SELECT COUNT(home_team) INTO var_under1
FROM results WHERE home_team = NEW.home_team AND (global < 2);
UPDATE home_stats SET under1_5 = ((var_under1 / total) * 100) WHERE team = NEW.home_team;
SELECT COUNT(home_team) INTO var_under2
FROM results WHERE home_team = NEW.home_team AND (global < 3);
UPDATE home_stats SET under2_5 = ((var_under2 / total) * 100) WHERE team = NEW.home_team;
SELECT COUNT(home_team) INTO var_over0
FROM results WHERE home_team = NEW.home_team AND (global > 0);
UPDATE home_stats SET over0_5 = ((var_over0 / total) * 100) WHERE team = NEW.home_team;
SELECT COUNT(home_team) INTO var_over1
FROM results WHERE home_team = NEW.home_team AND (global > 1);
UPDATE home_stats SET over1_5 = ((var_over1 / total) * 100) WHERE team = NEW.home_team;
SELECT COUNT(home_team) INTO var_over2
FROM results WHERE home_team = NEW.home_team AND (global > 2);
UPDATE home_stats SET over2_5 = ((var_over2 / total) * 100) WHERE team = NEW.home_team;
    SELECT COUNT(home_team) INTO var_btts
    FROM results WHERE home_team = NEW.home_team AND (total_home_goal > 0 AND total_away_goal > 0);
    UPDATE home_stats SET btts = ((var_btts / total)*100) WHERE team = NEW.home_team;
    SELECT AVG(global) INTO var_mean
    FROM results WHERE home_team = NEW.home_team;
    UPDATE home_stats SET mean = var_mean WHERE team = NEW.home_team;


    SELECT COUNT(away_team) INTO total
    FROM results WHERE away_team = NEW.away_team;
    SELECT COUNT(away_team) INTO var_under0
    FROM results WHERE away_team = NEW.away_team AND (global < 1);
UPDATE away_stats SET under0_5 = ((var_under0 / total) * 100) WHERE team = NEW.away_team;
SELECT COUNT(away_team) INTO var_under1
FROM results WHERE away_team = NEW.away_team AND (global < 2);
UPDATE away_stats SET under1_5 = ((var_under1 / total) * 100) WHERE team = NEW.away_team;
SELECT COUNT(away_team) INTO var_under2
FROM results WHERE away_team = NEW.away_team AND (global < 3);
UPDATE away_stats SET under2_5 = ((var_under2 / total) * 100) WHERE team = NEW.away_team;
SELECT COUNT(away_team) INTO var_over0
FROM results WHERE away_team = NEW.away_team AND (global > 0);
UPDATE away_stats SET over0_5 = ((var_over0 / total) * 100) WHERE team = NEW.away_team;
SELECT COUNT(away_team) INTO var_over1
FROM results WHERE away_team = NEW.away_team AND (global > 1);
UPDATE away_stats SET over1_5 = ((var_over1 / total) * 100) WHERE team = NEW.away_team;
SELECT COUNT(away_team) INTO var_over2
FROM results WHERE away_team = NEW.away_team AND (global > 2);
UPDATE away_stats SET over2_5 = ((var_over2 / total) * 100) WHERE team = NEW.away_team;
    SELECT COUNT(away_team) INTO var_btts
    FROM results WHERE away_team = NEW.away_team AND (total_home_goal > 0 AND total_away_goal > 0);
    UPDATE away_stats SET btts = ((var_btts / total)*100) WHERE team = NEW.away_team;
    SELECT AVG(global) INTO var_mean
    FROM results WHERE away_team = NEW.away_team;
    UPDATE away_stats SET mean = var_mean WHERE team = NEW.home_team;


    SELECT COUNT(home_team) INTO total
    FROM results WHERE (away_team = NEW.home_team OR home_team = NEW.home_team);
SELECT COUNT(home_team) INTO var_under0
FROM results WHERE (away_team = NEW.home_team  OR home_team = NEW.home_team) AND (global < 1);
UPDATE overall_stats SET under0_5 = ((var_under0 / total) * 100) WHERE team = NEW.home_team;
SELECT COUNT(home_team) INTO var_under1
FROM results WHERE (away_team = NEW.home_team OR home_team = NEW.home_team) AND (global < 2);
UPDATE overall_stats SET under1_5 = ((var_under1 / total) * 100) WHERE team = NEW.home_team;
SELECT COUNT(home_team) INTO var_under2
FROM results WHERE (away_team = NEW.home_team OR home_team = NEW.home_team) AND (global < 3);
UPDATE overall_stats SET under2_5 = ((var_under2 / total) * 100) WHERE team = NEW.home_team;
SELECT COUNT(home_team) INTO var_over0
FROM results WHERE (away_team = NEW.home_team OR home_team = NEW.home_team) AND (global > 0);
UPDATE overall_stats SET over0_5 = ((var_over0 / total) * 100) WHERE team = NEW.home_team;
SELECT COUNT(home_team) INTO var_over1
FROM results WHERE (away_team = NEW.home_team OR home_team = NEW.home_team) AND (global > 1);
UPDATE overall_stats SET over1_5 = ((var_over1 / total) * 100) WHERE team = NEW.home_team;
SELECT COUNT(home_team) INTO var_over2
FROM results WHERE (away_team = NEW.home_team OR home_team = NEW.home_team) AND (global > 2);
UPDATE overall_stats SET over2_5 = ((var_over2 / total) * 100) WHERE team = NEW.home_team;
    SELECT COUNT(home_team) INTO var_btts
    FROM results WHERE (away_team = NEW.home_team OR home_team = NEW.home_team) AND (total_home_goal > 0 AND total_away_goal > 0);
    UPDATE overall_stats SET btts = ((var_btts / total)*100) WHERE team = NEW.home_team;
    SELECT AVG(global) INTO var_mean
    FROM results WHERE home_team = NEW.home_team OR away_team = NEW.home_team;
    UPDATE overall_stats SET mean = var_mean WHERE team = NEW.home_team;


    SELECT COUNT(away_team) INTO total
    FROM results WHERE (away_team = NEW.away_team OR home_team = NEW.away_team);
SELECT COUNT(away_team) INTO var_under0
FROM results WHERE (away_team = NEW.away_team  OR home_team = NEW.away_team) AND (global < 1);
UPDATE overall_stats SET under0_5 = ((var_under0 / total) * 100) WHERE team = NEW.away_team;
SELECT COUNT(away_team) INTO var_under1
FROM results WHERE (away_team = NEW.away_team OR home_team = NEW.away_team) AND (global < 2);
UPDATE overall_stats SET under1_5 = ((var_under1 / total) * 100) WHERE team = NEW.away_team;
SELECT COUNT(away_team) INTO var_under2
FROM results WHERE (away_team = NEW.away_team OR home_team = NEW.away_team) AND (global < 3);
UPDATE overall_stats SET under2_5 = ((var_under2 / total) * 100) WHERE team = NEW.away_team;
SELECT COUNT(away_team) INTO var_over0
FROM results WHERE (away_team = NEW.away_team OR home_team = NEW.away_team) AND (global > 0);
UPDATE overall_stats SET over0_5 = ((var_over0 / total) * 100) WHERE team = NEW.away_team;
SELECT COUNT(away_team) INTO var_over1
FROM results WHERE (away_team = NEW.away_team OR home_team = NEW.away_team) AND (global > 1);
UPDATE overall_stats SET over1_5 = ((var_over1 / total) * 100) WHERE team = NEW.away_team;
SELECT COUNT(away_team) INTO var_over2
FROM results WHERE (away_team = NEW.away_team OR home_team = NEW.away_team) AND (global > 2);
UPDATE overall_stats SET over2_5 = ((var_over2 / total) * 100) WHERE team = NEW.away_team;
    SELECT COUNT(away_team) INTO var_btts
    FROM results WHERE (away_team = NEW.away_team OR home_team = NEW.away_team) AND (total_home_goal > 0 AND total_away_goal > 0);
    UPDATE overall_stats SET btts = ((var_btts / total)*100) WHERE team = NEW.away_team;
    SELECT AVG(global) INTO var_mean
    FROM results WHERE away_team = NEW.away_team OR home_team = NEW.away_team;
    UPDATE overall_stats SET mean = var_mean WHERE team = NEW.away_team;
END */;;
DELIMITER ;
/*!50003 SET sql_mode              = @saved_sql_mode */ ;
/*!50003 SET character_set_client  = @saved_cs_client */ ;
/*!50003 SET character_set_results = @saved_cs_results */ ;
/*!50003 SET collation_connection  = @saved_col_connection */ ;
/*!50003 SET @saved_cs_client      = @@character_set_client */ ;
/*!50003 SET @saved_cs_results     = @@character_set_results */ ;
/*!50003 SET @saved_col_connection = @@collation_connection */ ;
/*!50003 SET character_set_client  = utf8mb3 */ ;
/*!50003 SET character_set_results = utf8mb3 */ ;
/*!50003 SET collation_connection  = utf8mb3_general_ci */ ;
/*!50003 SET @saved_sql_mode       = @@sql_mode */ ;
/*!50003 SET sql_mode              = 'STRICT_TRANS_TABLES,ERROR_FOR_DIVISION_BY_ZERO,NO_AUTO_CREATE_USER,NO_ENGINE_SUBSTITUTION' */ ;
DELIMITER ;;
/*!50003 CREATE*/ /*!50017 DEFINER=`hh`@`localhost`*/ /*!50003 TRIGGER afterInsert__results__stats5 AFTER INSERT ON results FOR EACH ROW
BEGIN
    DECLARE total, var_under0, var_under1, var_under2, var_over0, var_over1, var_over2, var_btts TINYINT UNSIGNED;
    DECLARE var_mean DECIMAL(2,1);

    CREATE OR REPLACE TEMPORARY TABLE temp_tab
    SELECT * FROM results WHERE home_team = NEW.home_team ORDER BY date_time DESC LIMIT 5;
    SELECT COUNT(global) INTO var_under0
    FROM temp_tab WHERE global < 1;
    UPDATE home_stats5 SET under0_5 = ((var_under0/5)*100) WHERE team = NEW.home_team;
SELECT COUNT(global) INTO var_under1
    FROM temp_tab WHERE global < 2;
UPDATE home_stats5 SET under1_5 = ((var_under1 / 5) * 100) WHERE team = NEW.home_team;
SELECT COUNT(global) INTO var_under2
    FROM temp_tab WHERE (global < 3);
UPDATE home_stats5 SET under2_5 = ((var_under2 / 5) * 100) WHERE team = NEW.home_team;

SELECT COUNT(global) INTO var_over0
FROM temp_tab WHERE (global > 0);
    UPDATE home_stats5 SET over0_5 = ((var_over0 / 5) * 100) WHERE team = NEW.home_team;
SELECT COUNT(global) INTO var_over1
FROM temp_tab WHERE (global > 1);
    UPDATE home_stats5 SET over1_5 = ((var_over1 / 5) * 100) WHERE team = NEW.home_team;
SELECT COUNT(global) INTO var_over2
FROM temp_tab WHERE (global > 2);
    UPDATE home_stats5 SET over2_5 = ((var_over2 / 5) * 100) WHERE team = NEW.home_team;
    SELECT COUNT(mp) INTO var_btts
    FROM temp_tab WHERE (total_home_goal > 0 AND total_away_goal > 0);
    UPDATE home_stats5 SET btts = ((var_btts / 5)*100) WHERE team = NEW.home_team;
    SELECT AVG(global) INTO var_mean
    FROM temp_tab;
    UPDATE home_stats5 SET mean = var_mean WHERE team = NEW.home_team;


    CREATE OR REPLACE TEMPORARY TABLE temp_tab_away
    SELECT * FROM results WHERE away_team = NEW.away_team ORDER BY date_time DESC LIMIT 5;
    SELECT COUNT(global) INTO var_under0
    FROM temp_tab_away WHERE global < 1;
    UPDATE home_stats5 SET under0_5 = ((var_under0/5)*100) WHERE team = NEW.away_team;
SELECT COUNT(global) INTO var_under1
    FROM temp_tab_away WHERE global < 2;
UPDATE home_stats5 SET under1_5 = ((var_under1 / 5) * 100) WHERE team = NEW.away_team;
SELECT COUNT(global) INTO var_under2
    FROM temp_tab_away WHERE (global < 3);
UPDATE home_stats5 SET under2_5 = ((var_under2 / 5) * 100) WHERE team = NEW.away_team;

SELECT COUNT(global) INTO var_over0
FROM temp_tab_away WHERE (global > 0);
    UPDATE home_stats5 SET over0_5 = ((var_over0 / 5) * 100) WHERE team = NEW.away_team;
SELECT COUNT(global) INTO var_over1
FROM temp_tab_away WHERE (global > 1);
    UPDATE home_stats5 SET over1_5 = ((var_over1 / 5) * 100) WHERE team = NEW.away_team;
SELECT COUNT(global) INTO var_over2
FROM temp_tab_away WHERE (global > 2);
    UPDATE home_stats5 SET over2_5 = ((var_over2 / 5) * 100) WHERE team = NEW.away_team;
    SELECT COUNT(mp) INTO var_btts
    FROM temp_tab_away WHERE (total_home_goal > 0 AND total_away_goal > 0);
    UPDATE home_stats5 SET btts = ((var_btts / 5)*100) WHERE team = NEW.away_team;
    SELECT AVG(global) INTO var_mean
    FROM temp_tab_away;
    UPDATE home_stats5 SET mean = var_mean WHERE team = NEW.away_team;


    CREATE OR REPLACE TEMPORARY TABLE temp_tab_over
    SELECT * FROM results WHERE home_team = NEW.home_team or away_team = NEW.home_team ORDER BY date_time DESC LIMIT 5;
    SELECT COUNT(global) INTO var_under0
    FROM temp_tab_over WHERE global < 1;
    UPDATE overall_stats5 SET under0_5 = ((var_under0/5)*100) WHERE team = NEW.home_team;
SELECT COUNT(global) INTO var_under1
    FROM temp_tab_over WHERE global < 2;
UPDATE overall_stats5 SET under1_5 = ((var_under1 / 5) * 100) WHERE team = NEW.home_team;
SELECT COUNT(global) INTO var_under2
    FROM temp_tab_over WHERE (global < 3);
UPDATE overall_stats5 SET under2_5 = ((var_under2 / 5) * 100) WHERE team = NEW.home_team;

SELECT COUNT(global) INTO var_over0
FROM temp_tab_over WHERE (global > 0);
    UPDATE overall_stats5 SET over0_5 = ((var_over0 / 5) * 100) WHERE team = NEW.home_team;
SELECT COUNT(global) INTO var_over1
FROM temp_tab_over WHERE (global > 1);
    UPDATE overall_stats5 SET over1_5 = ((var_over1 / 5) * 100) WHERE team = NEW.home_team;
SELECT COUNT(global) INTO var_over2
FROM temp_tab_over WHERE (global > 2);
    UPDATE overall_stats5 SET over2_5 = ((var_over2 / 5) * 100) WHERE team = NEW.home_team;
    SELECT COUNT(mp) INTO var_btts
    FROM temp_tab_over WHERE (total_home_goal > 0 AND total_away_goal > 0);
    UPDATE overall_stats5 SET btts = ((var_btts / 5)*100) WHERE team = NEW.home_team;
    SELECT AVG(global) INTO var_mean
    FROM temp_tab_over;
    UPDATE overall_stats5 SET mean = var_mean WHERE team = NEW.home_team;


    CREATE OR REPLACE TEMPORARY TABLE temp_tab_overA
    SELECT * FROM results WHERE home_team = NEW.away_team or away_team = NEW.away_team ORDER BY date_time DESC LIMIT 5;
    SELECT COUNT(global) INTO var_under0
    FROM temp_tab_overA WHERE global < 1;
    UPDATE overall_stats5 SET under0_5 = ((var_under0/5)*100) WHERE team = NEW.away_team;
SELECT COUNT(global) INTO var_under1
    FROM temp_tab_overA WHERE global < 2;
UPDATE overall_stats5 SET under1_5 = ((var_under1 / 5) * 100) WHERE team = NEW.away_team;
SELECT COUNT(global) INTO var_under2
    FROM temp_tab_overA WHERE (global < 3);
UPDATE overall_stats5 SET under2_5 = ((var_under2 / 5) * 100) WHERE team = NEW.away_team;

SELECT COUNT(global) INTO var_over0
FROM temp_tab_overA WHERE (global > 0);
    UPDATE overall_stats5 SET over0_5 = ((var_over0 / 5) * 100) WHERE team = NEW.away_team;
SELECT COUNT(global) INTO var_over1
FROM temp_tab_overA WHERE (global > 1);
    UPDATE overall_stats5 SET over1_5 = ((var_over1 / 5) * 100) WHERE team = NEW.away_team;
SELECT COUNT(global) INTO var_over2
FROM temp_tab_overA WHERE (global > 2);
    UPDATE overall_stats5 SET over2_5 = ((var_over2 / 5) * 100) WHERE team = NEW.away_team;
    SELECT COUNT(mp) INTO var_btts
    FROM temp_tab_overA WHERE (total_home_goal > 0 AND total_away_goal > 0);
    UPDATE overall_stats5 SET btts = ((var_btts / 5)*100) WHERE team = NEW.away_team;
    SELECT AVG(global) INTO var_mean
    FROM temp_tab_overA;
    UPDATE overall_stats5 SET mean = var_mean WHERE team = NEW.away_team;
END */;;
DELIMITER ;
/*!50003 SET sql_mode              = @saved_sql_mode */ ;
/*!50003 SET character_set_client  = @saved_cs_client */ ;
/*!50003 SET character_set_results = @saved_cs_results */ ;
/*!50003 SET collation_connection  = @saved_col_connection */ ;

--
-- Final view structure for view `V_away_stats`
--

/*!50001 DROP VIEW IF EXISTS `V_away_stats`*/;
/*!50001 SET @saved_cs_client          = @@character_set_client */;
/*!50001 SET @saved_cs_results         = @@character_set_results */;
/*!50001 SET @saved_col_connection     = @@collation_connection */;
/*!50001 SET character_set_client      = utf8mb3 */;
/*!50001 SET character_set_results     = utf8mb3 */;
/*!50001 SET collation_connection      = utf8mb3_general_ci */;
/*!50001 CREATE ALGORITHM=UNDEFINED */
/*!50013 DEFINER=`hh`@`localhost` SQL SECURITY DEFINER */
/*!50001 VIEW `V_away_stats` AS select row_number() over ( order by `away_stats`.`mean` desc) AS `ranking`,`away_stats`.`team` AS `team`,`away_stats`.`under0_5` AS `under0_5`,`away_stats`.`under1_5` AS `under1_5`,`away_stats`.`under2_5` AS `under2_5`,`away_stats`.`over0_5` AS `over0_5`,`away_stats`.`over1_5` AS `over1_5`,`away_stats`.`over2_5` AS `over2_5`,`away_stats`.`btts` AS `btts`,`away_stats`.`mean` AS `mean` from `away_stats` */;
/*!50001 SET character_set_client      = @saved_cs_client */;
/*!50001 SET character_set_results     = @saved_cs_results */;
/*!50001 SET collation_connection      = @saved_col_connection */;

--
-- Final view structure for view `V_away_stats5`
--

/*!50001 DROP VIEW IF EXISTS `V_away_stats5`*/;
/*!50001 SET @saved_cs_client          = @@character_set_client */;
/*!50001 SET @saved_cs_results         = @@character_set_results */;
/*!50001 SET @saved_col_connection     = @@collation_connection */;
/*!50001 SET character_set_client      = utf8mb3 */;
/*!50001 SET character_set_results     = utf8mb3 */;
/*!50001 SET collation_connection      = utf8mb3_general_ci */;
/*!50001 CREATE ALGORITHM=UNDEFINED */
/*!50013 DEFINER=`hh`@`localhost` SQL SECURITY DEFINER */
/*!50001 VIEW `V_away_stats5` AS select row_number() over ( order by `away_stats5`.`mean` desc) AS `ranking`,`away_stats5`.`team` AS `team`,`away_stats5`.`under0_5` AS `under0_5`,`away_stats5`.`under1_5` AS `under1_5`,`away_stats5`.`under2_5` AS `under2_5`,`away_stats5`.`over0_5` AS `over0_5`,`away_stats5`.`over1_5` AS `over1_5`,`away_stats5`.`over2_5` AS `over2_5`,`away_stats5`.`btts` AS `btts`,`away_stats5`.`mean` AS `mean` from `away_stats5` */;
/*!50001 SET character_set_client      = @saved_cs_client */;
/*!50001 SET character_set_results     = @saved_cs_results */;
/*!50001 SET collation_connection      = @saved_col_connection */;

--
-- Final view structure for view `V_home_stats`
--

/*!50001 DROP VIEW IF EXISTS `V_home_stats`*/;
/*!50001 SET @saved_cs_client          = @@character_set_client */;
/*!50001 SET @saved_cs_results         = @@character_set_results */;
/*!50001 SET @saved_col_connection     = @@collation_connection */;
/*!50001 SET character_set_client      = utf8mb3 */;
/*!50001 SET character_set_results     = utf8mb3 */;
/*!50001 SET collation_connection      = utf8mb3_general_ci */;
/*!50001 CREATE ALGORITHM=UNDEFINED */
/*!50013 DEFINER=`hh`@`localhost` SQL SECURITY DEFINER */
/*!50001 VIEW `V_home_stats` AS select row_number() over ( order by `home_stats`.`mean` desc) AS `ranking`,`home_stats`.`team` AS `team`,`home_stats`.`under0_5` AS `under0_5`,`home_stats`.`under1_5` AS `under1_5`,`home_stats`.`under2_5` AS `under2_5`,`home_stats`.`over0_5` AS `over0_5`,`home_stats`.`over1_5` AS `over1_5`,`home_stats`.`over2_5` AS `over2_5`,`home_stats`.`btts` AS `btts`,`home_stats`.`mean` AS `mean` from `home_stats` */;
/*!50001 SET character_set_client      = @saved_cs_client */;
/*!50001 SET character_set_results     = @saved_cs_results */;
/*!50001 SET collation_connection      = @saved_col_connection */;

--
-- Final view structure for view `V_home_stats5`
--

/*!50001 DROP VIEW IF EXISTS `V_home_stats5`*/;
/*!50001 SET @saved_cs_client          = @@character_set_client */;
/*!50001 SET @saved_cs_results         = @@character_set_results */;
/*!50001 SET @saved_col_connection     = @@collation_connection */;
/*!50001 SET character_set_client      = utf8mb3 */;
/*!50001 SET character_set_results     = utf8mb3 */;
/*!50001 SET collation_connection      = utf8mb3_general_ci */;
/*!50001 CREATE ALGORITHM=UNDEFINED */
/*!50013 DEFINER=`hh`@`localhost` SQL SECURITY DEFINER */
/*!50001 VIEW `V_home_stats5` AS select row_number() over ( order by `home_stats5`.`mean` desc) AS `ranking`,`home_stats5`.`team` AS `team`,`home_stats5`.`under0_5` AS `under0_5`,`home_stats5`.`under1_5` AS `under1_5`,`home_stats5`.`under2_5` AS `under2_5`,`home_stats5`.`over0_5` AS `over0_5`,`home_stats5`.`over1_5` AS `over1_5`,`home_stats5`.`over2_5` AS `over2_5`,`home_stats5`.`btts` AS `btts`,`home_stats5`.`mean` AS `mean` from `home_stats5` */;
/*!50001 SET character_set_client      = @saved_cs_client */;
/*!50001 SET character_set_results     = @saved_cs_results */;
/*!50001 SET collation_connection      = @saved_col_connection */;

--
-- Final view structure for view `V_overall_stats`
--

/*!50001 DROP VIEW IF EXISTS `V_overall_stats`*/;
/*!50001 SET @saved_cs_client          = @@character_set_client */;
/*!50001 SET @saved_cs_results         = @@character_set_results */;
/*!50001 SET @saved_col_connection     = @@collation_connection */;
/*!50001 SET character_set_client      = utf8mb3 */;
/*!50001 SET character_set_results     = utf8mb3 */;
/*!50001 SET collation_connection      = utf8mb3_general_ci */;
/*!50001 CREATE ALGORITHM=UNDEFINED */
/*!50013 DEFINER=`hh`@`localhost` SQL SECURITY DEFINER */
/*!50001 VIEW `V_overall_stats` AS select row_number() over ( order by `overall_stats`.`mean` desc) AS `ranking`,`overall_stats`.`team` AS `team`,`overall_stats`.`under0_5` AS `under0_5`,`overall_stats`.`under1_5` AS `under1_5`,`overall_stats`.`under2_5` AS `under2_5`,`overall_stats`.`over0_5` AS `over0_5`,`overall_stats`.`over1_5` AS `over1_5`,`overall_stats`.`over2_5` AS `over2_5`,`overall_stats`.`btts` AS `btts`,`overall_stats`.`mean` AS `mean` from `overall_stats` */;
/*!50001 SET character_set_client      = @saved_cs_client */;
/*!50001 SET character_set_results     = @saved_cs_results */;
/*!50001 SET collation_connection      = @saved_col_connection */;

--
-- Final view structure for view `V_overall_stats5`
--

/*!50001 DROP VIEW IF EXISTS `V_overall_stats5`*/;
/*!50001 SET @saved_cs_client          = @@character_set_client */;
/*!50001 SET @saved_cs_results         = @@character_set_results */;
/*!50001 SET @saved_col_connection     = @@collation_connection */;
/*!50001 SET character_set_client      = utf8mb3 */;
/*!50001 SET character_set_results     = utf8mb3 */;
/*!50001 SET collation_connection      = utf8mb3_general_ci */;
/*!50001 CREATE ALGORITHM=UNDEFINED */
/*!50013 DEFINER=`hh`@`localhost` SQL SECURITY DEFINER */
/*!50001 VIEW `V_overall_stats5` AS select row_number() over ( order by `overall_stats5`.`mean` desc) AS `ranking`,`overall_stats5`.`team` AS `team`,`overall_stats5`.`under0_5` AS `under0_5`,`overall_stats5`.`under1_5` AS `under1_5`,`overall_stats5`.`under2_5` AS `under2_5`,`overall_stats5`.`over0_5` AS `over0_5`,`overall_stats5`.`over1_5` AS `over1_5`,`overall_stats5`.`over2_5` AS `over2_5`,`overall_stats5`.`btts` AS `btts`,`overall_stats5`.`mean` AS `mean` from `overall_stats5` */;
/*!50001 SET character_set_client      = @saved_cs_client */;
/*!50001 SET character_set_results     = @saved_cs_results */;
/*!50001 SET collation_connection      = @saved_col_connection */;
/*!40103 SET TIME_ZONE=@OLD_TIME_ZONE */;

/*!40101 SET SQL_MODE=@OLD_SQL_MODE */;
/*!40014 SET FOREIGN_KEY_CHECKS=@OLD_FOREIGN_KEY_CHECKS */;
/*!40014 SET UNIQUE_CHECKS=@OLD_UNIQUE_CHECKS */;
/*!40101 SET CHARACTER_SET_CLIENT=@OLD_CHARACTER_SET_CLIENT */;
/*!40101 SET CHARACTER_SET_RESULTS=@OLD_CHARACTER_SET_RESULTS */;
/*!40101 SET COLLATION_CONNECTION=@OLD_COLLATION_CONNECTION */;
/*!40111 SET SQL_NOTES=@OLD_SQL_NOTES */;

-- Dump completed on 2023-06-22 17:04:46
